keyword,target_position,category,priority,target_url
"asus expertbook p3",6,"PC","medium","thinkpro.vn/asus-expertbook-p3"
"asus zenbook 14 oled",9,"Gear","medium","thinkpro.vn/asus-zenbook-14-oled"
"attack shark r1",7,"PC","medium","thinkpro.vn/attack-shark-r1"
"aula f108 pro",9,"Gear","medium","thinkpro.vn/aula-f108-pro"
"aula f75",9,"Blog","medium","thinkpro.vn/aula-f75"
"auto click không chiếm chuột",5,"Gear","medium","thinkpro.vn/auto-click-không-chiếm-chuột"
"bios dell",5,"Gear","medium","thinkpro.vn/bios-dell"
"biến laptop thành màn hình cho pc qua hdmi",2,"PC","medium","thinkpro.vn/biến-laptop-thành-màn-hình-cho-pc-qua-hdmi"
"bàn phím cơ lofree",2,"Gear","medium","thinkpro.vn/bàn-phím-cơ-lofree"
"bàn phím keychron",7,"Blog","medium","thinkpro.vn/bàn-phím-keychron"
"bàn phím không gõ được",8,"Gear","medium","thinkpro.vn/bàn-phím-không-gõ-được"
"bàn phím lofree flow",2,"Phụ Kiện","medium","thinkpro.vn/bàn-phím-lofree-flow"
"bàn phím lofree flow 2",1,"Phụ Kiện","medium","thinkpro.vn/bàn-phím-lofree-flow-2"
"bàn phím máy tính không gõ được",8,"Blog","medium","thinkpro.vn/bàn-phím-máy-tính-không-gõ-được"
"bật hibernate win 11",2,"Phụ Kiện","medium","thinkpro.vn/bật-hibernate-win-11"
"bật quạt tản nhiệt laptop",1,"Blog","medium","thinkpro.vn/bật-quạt-tản-nhiệt-laptop"
"chuột attack shark",3,"Laptop","medium","thinkpro.vn/chuột-attack-shark"
"chỉnh thời gian sáng màn hình trên win 11",2,"Gear","medium","thinkpro.vn/chỉnh-thời-gian-sáng-màn-hình-trên-win-11"
"chụp cuộn màn hình laptop",2,"Gear","medium","thinkpro.vn/chụp-cuộn-màn-hình-laptop"
"cài tiếng việt cho win 11",4,"Phụ Kiện","medium","thinkpro.vn/cài-tiếng-việt-cho-win-11"
"cài win 11 không cần tài khoản microsoft",2,"Laptop","medium","thinkpro.vn/cài-win-11-không-cần-tài-khoản-microsoft"
"cài youtube cho laptop",2,"Phụ Kiện","medium","thinkpro.vn/cài-youtube-cho-laptop"
"cài đặt thời gian sáng màn hình win 11",2,"Blog","medium","thinkpro.vn/cài-đặt-thời-gian-sáng-màn-hình-win-11"
"cài đặt thời gian tắt màn hình máy tính win 11",3,"PC","medium","thinkpro.vn/cài-đặt-thời-gian-tắt-màn-hình-máy-tính-win-11"
"các dòng laptop lenovo",4,"Gear","medium","thinkpro.vn/các-dòng-laptop-lenovo"
"các nút chơi game trên máy tính",1,"Phụ Kiện","medium","thinkpro.vn/các-nút-chơi-game-trên-máy-tính"
"cách bật hibernate trong win 11",2,"Gear","medium","thinkpro.vn/cách-bật-hibernate-trong-win-11"
"cách bật máy tính hp",2,"PC","medium","thinkpro.vn/cách-bật-máy-tính-hp"
"cách bật tắt phím chức năng fn + f1 f2 f3 ... f12 trên laptop win 10",2,"PC","medium","thinkpro.vn/cách-bật-tắt-phím-chức-năng-fn-+-f1-f2-f3-...-f12-trên-laptop-win-10"
"cách chuyển nút kết bạn thành theo dõi",2,"Gear","medium","thinkpro.vn/cách-chuyển-nút-kết-bạn-thành-theo-dõi"
"cách chuyển ảnh từ iphone sang máy tính bằng bluetooth",5,"Gear","medium","thinkpro.vn/cách-chuyển-ảnh-từ-iphone-sang-máy-tính-bằng-bluetooth"
"cách chỉnh giờ trên máy tính win 11",3,"Blog","medium","thinkpro.vn/cách-chỉnh-giờ-trên-máy-tính-win-11"
"cách chỉnh thời gian tắt màn hình win 11",3,"PC","medium","thinkpro.vn/cách-chỉnh-thời-gian-tắt-màn-hình-win-11"
"cách chụp màn hình máy tính lenovo",2,"Blog","medium","thinkpro.vn/cách-chụp-màn-hình-máy-tính-lenovo"
"cách cài chế độ ngủ cho máy tính win 11",3,"Blog","medium","thinkpro.vn/cách-cài-chế-độ-ngủ-cho-máy-tính-win-11"
"cách cài lại win",4,"Phụ Kiện","medium","thinkpro.vn/cách-cài-lại-win"
"cách cài lại win máy tính",4,"Phụ Kiện","medium","thinkpro.vn/cách-cài-lại-win-máy-tính"
"cách giải nén file",5,"Laptop","medium","thinkpro.vn/cách-giải-nén-file"
"cách giới hạn pin laptop",2,"PC","medium","thinkpro.vn/cách-giới-hạn-pin-laptop"
"cách gõ @ trên macbook air",2,"Phụ Kiện","medium","thinkpro.vn/cách-gõ-@-trên-macbook-air"
"cách gõ @ trên macbook pro",2,"Gear","medium","thinkpro.vn/cách-gõ-@-trên-macbook-pro"
"cách gõ dấu tiếng trung trên máy tính",3,"Blog","medium","thinkpro.vn/cách-gõ-dấu-tiếng-trung-trên-máy-tính"
"cách gõ pinyin trên laptop",2,"Gear","medium","thinkpro.vn/cách-gõ-pinyin-trên-laptop"
"cách gõ được ký tự @ # $ ^ & * ( ) trên laptop nhật",4,"Gear","medium","thinkpro.vn/cách-gõ-được-ký-tự-@-#-$-^-&-*-(-)-trên-laptop-nhật"
"cách khởi động lại máy tính",5,"Gear","medium","thinkpro.vn/cách-khởi-động-lại-máy-tính"
"cách khởi động máy tính hp",2,"Phụ Kiện","medium","thinkpro.vn/cách-khởi-động-máy-tính-hp"
"cách kết nối chuột logitech",2,"Phụ Kiện","medium","thinkpro.vn/cách-kết-nối-chuột-logitech"
"cách mở laptop dell",3,"PC","medium","thinkpro.vn/cách-mở-laptop-dell"
"cách mở máy laptop hp",2,"Gear","medium","thinkpro.vn/cách-mở-máy-laptop-hp"
"cách mở máy tính dell",3,"Laptop","medium","thinkpro.vn/cách-mở-máy-tính-dell"
"cách mở nguồn máy tính laptop hp",2,"Phụ Kiện","medium","thinkpro.vn/cách-mở-nguồn-máy-tính-laptop-hp"
"cách quay video trên máy tính",8,"Blog","medium","thinkpro.vn/cách-quay-video-trên-máy-tính"
"cách reset laptop asus",2,"Blog","medium","thinkpro.vn/cách-reset-laptop-asus"
"cách reset laptop dell về trạng thái ban đầu",2,"Phụ Kiện","medium","thinkpro.vn/cách-reset-laptop-dell-về-trạng-thái-ban-đầu"
"cách reset máy tính asus",2,"Gear","medium","thinkpro.vn/cách-reset-máy-tính-asus"
"cách sửa phím cơ bị liệt",1,"Gear","medium","thinkpro.vn/cách-sửa-phím-cơ-bị-liệt"
"cách thay đổi con trỏ chuột",4,"Gear","medium","thinkpro.vn/cách-thay-đổi-con-trỏ-chuột"
"cách thêm app vào màn hình chính laptop",2,"PC","medium","thinkpro.vn/cách-thêm-app-vào-màn-hình-chính-laptop"
"cách tải app trên máy tính",2,"Laptop","medium","thinkpro.vn/cách-tải-app-trên-máy-tính"
"cách tải file pdf về máy tính",2,"Phụ Kiện","medium","thinkpro.vn/cách-tải-file-pdf-về-máy-tính"
"cách tải game về laptop",2,"Blog","medium","thinkpro.vn/cách-tải-game-về-laptop"
"cách tải minecraft",5,"Laptop","medium","thinkpro.vn/cách-tải-minecraft"
"cách tải minecraft miễn phí trên pc",7,"Blog","medium","thinkpro.vn/cách-tải-minecraft-miễn-phí-trên-pc"
"cách tải minecraft pc miễn phí",7,"Gear","medium","thinkpro.vn/cách-tải-minecraft-pc-miễn-phí"
"cách tải minecraft trên pc",6,"Blog","medium","thinkpro.vn/cách-tải-minecraft-trên-pc"
"cách tải nhạc 320kbps trên soundcloud",3,"Gear","medium","thinkpro.vn/cách-tải-nhạc-320kbps-trên-soundcloud"
"cách tải ultraviewer về máy tính",5,"Gear","medium","thinkpro.vn/cách-tải-ultraviewer-về-máy-tính"
"cách tải video trên youtube về máy tính",6,"Laptop","medium","thinkpro.vn/cách-tải-video-trên-youtube-về-máy-tính"
"cách tải video từ facebook về máy tính",4,"Gear","medium","thinkpro.vn/cách-tải-video-từ-facebook-về-máy-tính"
"cách tải video youtube về máy",5,"Phụ Kiện","medium","thinkpro.vn/cách-tải-video-youtube-về-máy"
"cách tải ứng dụng trên laptop dell",2,"Laptop","medium","thinkpro.vn/cách-tải-ứng-dụng-trên-laptop-dell"
"cách tải ứng dụng trên máy tính",2,"Laptop","medium","thinkpro.vn/cách-tải-ứng-dụng-trên-máy-tính"
"cách tải ứng dụng về máy tính",3,"Laptop","medium","thinkpro.vn/cách-tải-ứng-dụng-về-máy-tính"
"cách tắt laptop hoàn toàn",2,"Laptop","medium","thinkpro.vn/cách-tắt-laptop-hoàn-toàn"
"cách tắt laptop đúng cách",2,"Laptop","medium","thinkpro.vn/cách-tắt-laptop-đúng-cách"
"cách tắt mcafee",2,"Phụ Kiện","medium","thinkpro.vn/cách-tắt-mcafee"
"cách tắt máy tính hoàn toàn",2,"PC","medium","thinkpro.vn/cách-tắt-máy-tính-hoàn-toàn"
"cách tắt máy tính laptop",3,"PC","medium","thinkpro.vn/cách-tắt-máy-tính-laptop"
"cách tắt máy tính đúng cách an toàn",2,"PC","medium","thinkpro.vn/cách-tắt-máy-tính-đúng-cách-an-toàn"
"cách tắt tự động mở zalo trên laptop",2,"Blog","medium","thinkpro.vn/cách-tắt-tự-động-mở-zalo-trên-laptop"
"cách viết chữ pinyin có dấu trên máy tính",2,"Gear","medium","thinkpro.vn/cách-viết-chữ-pinyin-có-dấu-trên-máy-tính"
"cách viết pinyin tiếng trung trên máy tính",2,"Gear","medium","thinkpro.vn/cách-viết-pinyin-tiếng-trung-trên-máy-tính"
"cách viết pinyin trên máy tính",2,"Laptop","medium","thinkpro.vn/cách-viết-pinyin-trên-máy-tính"
"cách xem mật khẩu wifi trên máy tính win 10",3,"Phụ Kiện","medium","thinkpro.vn/cách-xem-mật-khẩu-wifi-trên-máy-tính-win-10"
"cách xóa file trên máy tính",4,"PC","medium","thinkpro.vn/cách-xóa-file-trên-máy-tính"
"cách xóa tài khoản microsoft trên win 11",2,"Phụ Kiện","medium","thinkpro.vn/cách-xóa-tài-khoản-microsoft-trên-win-11"
"cách đánh pinyin có dấu trên máy tính",2,"Phụ Kiện","medium","thinkpro.vn/cách-đánh-pinyin-có-dấu-trên-máy-tính"
"cách đặt hình nền laptop không bị mờ",2,"PC","medium","thinkpro.vn/cách-đặt-hình-nền-laptop-không-bị-mờ"
"cách để cpu chạy hết công suất win 11",2,"Gear","medium","thinkpro.vn/cách-để-cpu-chạy-hết-công-suất-win-11"
"cách để hình nền laptop không bị mờ",2,"Phụ Kiện","medium","thinkpro.vn/cách-để-hình-nền-laptop-không-bị-mờ"
"cách để laptop chạy hết công suất win 11",3,"Gear","medium","thinkpro.vn/cách-để-laptop-chạy-hết-công-suất-win-11"
"cách đổi tên laptop",3,"Phụ Kiện","medium","thinkpro.vn/cách-đổi-tên-laptop"
"cách đổi tên laptop ở màn hình khóa",4,"Gear","medium","thinkpro.vn/cách-đổi-tên-laptop-ở-màn-hình-khóa"
"cách đổi tên máy tính win 11",3,"Blog","medium","thinkpro.vn/cách-đổi-tên-máy-tính-win-11"
"cửa hàng thinkpro",1,"Gear","medium","thinkpro.vn/cửa-hàng-thinkpro"
"dell 2025",7,"Gear","medium","thinkpro.vn/dell-2025"
"dell 7320",9,"Phụ Kiện","medium","thinkpro.vn/dell-7320"
"dell alienware m16 r2",2,"Phụ Kiện","medium","thinkpro.vn/dell-alienware-m16-r2"
"dell detachable",4,"PC","medium","thinkpro.vn/dell-detachable"
"dell detachable 7320",3,"Gear","medium","thinkpro.vn/dell-detachable-7320"
"dell inspiron 16 plus",5,"PC","medium","thinkpro.vn/dell-inspiron-16-plus"
"dell inspiron 16 plus 7620",6,"Gear","medium","thinkpro.vn/dell-inspiron-16-plus-7620"
"dell inspiron 16 plus 7630",4,"Laptop","medium","thinkpro.vn/dell-inspiron-16-plus-7630"
"dell inspiron 16 plus 7640",4,"Laptop","medium","thinkpro.vn/dell-inspiron-16-plus-7640"
"dell inspiron 5645",5,"PC","medium","thinkpro.vn/dell-inspiron-5645"
"dell inspiron 7630",5,"Blog","medium","thinkpro.vn/dell-inspiron-7630"
"dell inspiron 7630 plus",4,"PC","medium","thinkpro.vn/dell-inspiron-7630-plus"
"dell latitude 5400 sản xuất năm nào",3,"Phụ Kiện","medium","thinkpro.vn/dell-latitude-5400-sản-xuất-năm-nào"
"dell latitude 7400",8,"PC","medium","thinkpro.vn/dell-latitude-7400"
"dell latitude 7400 2-in-1 sản xuất năm nào",3,"Blog","medium","thinkpro.vn/dell-latitude-7400-2-in-1-sản-xuất-năm-nào"
"dell latitude 7400 sản xuất năm nào",3,"Gear","medium","thinkpro.vn/dell-latitude-7400-sản-xuất-năm-nào"
"dell latitude 7430 i7",4,"PC","medium","thinkpro.vn/dell-latitude-7430-i7"
"dell latitude 9420",5,"Laptop","medium","thinkpro.vn/dell-latitude-9420"
"dell precision 15 5560",3,"Phụ Kiện","medium","thinkpro.vn/dell-precision-15-5560"
"dell precision 3571",7,"Gear","medium","thinkpro.vn/dell-precision-3571"
"dell precision 5470",8,"PC","medium","thinkpro.vn/dell-precision-5470"
"dell precision 5550 new",2,"Phụ Kiện","medium","thinkpro.vn/dell-precision-5550-new"
"dell precision 5570",9,"Laptop","medium","thinkpro.vn/dell-precision-5570"
"dell precision 5570 sản xuất năm nào",4,"Gear","medium","thinkpro.vn/dell-precision-5570-sản-xuất-năm-nào"
"dell precision 7560",5,"Laptop","medium","thinkpro.vn/dell-precision-7560"
"dell precision 7770",7,"Gear","medium","thinkpro.vn/dell-precision-7770"
"dell vostro 3500",8,"Gear","medium","thinkpro.vn/dell-vostro-3500"
"dell xps 13 9315",3,"Laptop","medium","thinkpro.vn/dell-xps-13-9315"
"dell xps 14 9440",5,"Gear","medium","thinkpro.vn/dell-xps-14-9440"
"dell xps 15 9520",4,"Laptop","medium","thinkpro.vn/dell-xps-15-9520"
"dell xps 2025",6,"Laptop","medium","thinkpro.vn/dell-xps-2025"
"dell xps 9300",8,"Blog","medium","thinkpro.vn/dell-xps-9300"
"dell xps 9315",4,"Laptop","medium","thinkpro.vn/dell-xps-9315"
"dell xps 9315 2 in 1",9,"PC","medium","thinkpro.vn/dell-xps-9315-2-in-1"
"dell xps 9350",6,"Laptop","medium","thinkpro.vn/dell-xps-9350"
"dell xps 9360",7,"Gear","medium","thinkpro.vn/dell-xps-9360"
"dell xps 9520",7,"Laptop","medium","thinkpro.vn/dell-xps-9520"
"dell xps 9640",3,"Phụ Kiện","medium","thinkpro.vn/dell-xps-9640"
"download video facebook",8,"Laptop","medium","thinkpro.vn/download-video-facebook"
"download video từ youtube",8,"PC","medium","thinkpro.vn/download-video-từ-youtube"
"download youtube máy tính",3,"PC","medium","thinkpro.vn/download-youtube-máy-tính"
"driver asus",4,"PC","medium","thinkpro.vn/driver-asus"
"dấu thăng bàn phím",2,"Blog","medium","thinkpro.vn/dấu-thăng-bàn-phím"
"dọn dẹp máy tính win 10",5,"Blog","medium","thinkpro.vn/dọn-dẹp-máy-tính-win-10"
"dọn dẹp máy tính win 11",2,"PC","medium","thinkpro.vn/dọn-dẹp-máy-tính-win-11"
"dọn máy tính win 11",2,"Gear","medium","thinkpro.vn/dọn-máy-tính-win-11"
"dọn rác máy tính win 11",2,"Laptop","medium","thinkpro.vn/dọn-rác-máy-tính-win-11"
"fake ip mỹ",2,"Gear","medium","thinkpro.vn/fake-ip-mỹ"
"filter camera pc",3,"Blog","medium","thinkpro.vn/filter-camera-pc"
"flow 2",6,"Gear","medium","thinkpro.vn/flow-2"
"fsr",3,"Gear","medium","thinkpro.vn/fsr"
"game audition",6,"Gear","medium","thinkpro.vn/game-audition"
"game hay cho laptop yếu",3,"Gear","medium","thinkpro.vn/game-hay-cho-laptop-yếu"
"game offline hay pc nhẹ",4,"Gear","medium","thinkpro.vn/game-offline-hay-pc-nhẹ"
"game offline trên máy tính",5,"Phụ Kiện","medium","thinkpro.vn/game-offline-trên-máy-tính"
"game pc 2025",8,"Gear","medium","thinkpro.vn/game-pc-2025"
"game pc hay 2025",7,"Gear","medium","thinkpro.vn/game-pc-hay-2025"
"game tay cầm",5,"Blog","medium","thinkpro.vn/game-tay-cầm"
"gia lap android",7,"Gear","medium","thinkpro.vn/gia-lap-android"
"gia lap pc",7,"Blog","medium","thinkpro.vn/gia-lap-pc"
"giả lập",7,"PC","medium","thinkpro.vn/giả-lập"
"giả lập android nhẹ",4,"Blog","medium","thinkpro.vn/giả-lập-android-nhẹ"
"giả lập android nhẹ nhất",4,"Gear","medium","thinkpro.vn/giả-lập-android-nhẹ-nhất"
"giả lập android nhẹ nhất 2025",2,"Phụ Kiện","medium","thinkpro.vn/giả-lập-android-nhẹ-nhất-2025"
"giả lập android pc",6,"Blog","medium","thinkpro.vn/giả-lập-android-pc"
"giả lập android trên pc nhẹ nhất 2025",2,"Blog","medium","thinkpro.vn/giả-lập-android-trên-pc-nhẹ-nhất-2025"
"giả lập nintendo switch cho pc",2,"Gear","medium","thinkpro.vn/giả-lập-nintendo-switch-cho-pc"
"giả lập pc nhẹ",5,"Gear","medium","thinkpro.vn/giả-lập-pc-nhẹ"
"giả lập điện thoại",5,"Gear","medium","thinkpro.vn/giả-lập-điện-thoại"
"giải nén file",6,"Laptop","medium","thinkpro.vn/giải-nén-file"
"gtx 1650ti vs rtx 3050",2,"Gear","medium","thinkpro.vn/gtx-1650ti-vs-rtx-3050"
"gõ pinyin",2,"Gear","medium","thinkpro.vn/gõ-pinyin"
"gõ pinyin có dấu trên máy tính",2,"Phụ Kiện","medium","thinkpro.vn/gõ-pinyin-có-dấu-trên-máy-tính"
"gập màn hình laptop, máy vẫn chạy win 11",3,"Blog","medium","thinkpro.vn/gập-màn-hình-laptop,-máy-vẫn-chạy-win-11"
"hibernate là gì",3,"PC","medium","thinkpro.vn/hibernate-là-gì"
"hãng laptop nào bền nhất",2,"Gear","medium","thinkpro.vn/hãng-laptop-nào-bền-nhất"
"i5 12450h",4,"Phụ Kiện","medium","thinkpro.vn/i5-12450h"
"i5 1335u",4,"Gear","medium","thinkpro.vn/i5-1335u"
"i7 6700",5,"PC","medium","thinkpro.vn/i7-6700"
"intel core ultra 5 125h",4,"Gear","medium","thinkpro.vn/intel-core-ultra-5-125h"
"intel iris xe graphics",3,"Laptop","medium","thinkpro.vn/intel-iris-xe-graphics"
"iqunix ez63",7,"Blog","medium","thinkpro.vn/iqunix-ez63"
"keychron",6,"Phụ Kiện","medium","thinkpro.vn/keychron"
"keychron b1 pro",4,"Gear","medium","thinkpro.vn/keychron-b1-pro"
"keychron k3",4,"Blog","medium","thinkpro.vn/keychron-k3"
"keychron k3 max",2,"Blog","medium","thinkpro.vn/keychron-k3-max"
"keychron k3 v2",4,"Gear","medium","thinkpro.vn/keychron-k3-v2"
"keychron m6 8k",3,"Phụ Kiện","medium","thinkpro.vn/keychron-m6-8k"
"không tìm thấy wifi trên laptop",2,"Phụ Kiện","medium","thinkpro.vn/không-tìm-thấy-wifi-trên-laptop"
"kiểm tra thông tin laptop dell",2,"Gear","medium","thinkpro.vn/kiểm-tra-thông-tin-laptop-dell"
"kiểm tra độ chai pin laptop win 11",2,"Phụ Kiện","medium","thinkpro.vn/kiểm-tra-độ-chai-pin-laptop-win-11"
"kí tự bàn phím",2,"Blog","medium","thinkpro.vn/kí-tự-bàn-phím"
"kết nối 2 màn hình laptop bằng hdmi",1,"Blog","medium","thinkpro.vn/kết-nối-2-màn-hình-laptop-bằng-hdmi"
"kết nối pc với màn hình laptop qua hdmi",1,"Blog","medium","thinkpro.vn/kết-nối-pc-với-màn-hình-laptop-qua-hdmi"
"kết nối tai nghe bluetooth với máy tính win 7",4,"Phụ Kiện","medium","thinkpro.vn/kết-nối-tai-nghe-bluetooth-với-máy-tính-win-7"
"laptop 12 inch",5,"PC","medium","thinkpro.vn/laptop-12-inch"
"laptop 2 màn hình",3,"PC","medium","thinkpro.vn/laptop-2-màn-hình"
"laptop 2in1",6,"Gear","medium","thinkpro.vn/laptop-2in1"
"laptop bật không lên đèn nguồn nhấp nháy",2,"Gear","medium","thinkpro.vn/laptop-bật-không-lên-đèn-nguồn-nhấp-nháy"
"laptop bắt wifi kém",2,"Laptop","medium","thinkpro.vn/laptop-bắt-wifi-kém"
"laptop cho sinh viên 2025",5,"Gear","medium","thinkpro.vn/laptop-cho-sinh-viên-2025"
"laptop dell precision",7,"PC","medium","thinkpro.vn/laptop-dell-precision"
"laptop dell xps 13",10,"Gear","medium","thinkpro.vn/laptop-dell-xps-13"
"laptop dành cho sinh viên",3,"Phụ Kiện","medium","thinkpro.vn/laptop-dành-cho-sinh-viên"
"laptop gaming 14 inch",6,"Phụ Kiện","medium","thinkpro.vn/laptop-gaming-14-inch"
"laptop gaming mỏng nhẹ",5,"Blog","medium","thinkpro.vn/laptop-gaming-mỏng-nhẹ"
"laptop lenovo",9,"Laptop","medium","thinkpro.vn/laptop-lenovo"
"laptop lenovo thinkpad x1 carbon gen 9",3,"PC","medium","thinkpro.vn/laptop-lenovo-thinkpad-x1-carbon-gen-9"
"laptop masstel e140 có tốt không",2,"Gear","medium","thinkpro.vn/laptop-masstel-e140-có-tốt-không"
"laptop mini 11 inch",3,"Blog","medium","thinkpro.vn/laptop-mini-11-inch"
"laptop mini 8 inch",6,"Phụ Kiện","medium","thinkpro.vn/laptop-mini-8-inch"
"laptop mất bluetooth",2,"PC","medium","thinkpro.vn/laptop-mất-bluetooth"
"laptop mỏng nhẹ",6,"Laptop","medium","thinkpro.vn/laptop-mỏng-nhẹ"
"laptop mỏng nhẹ cấu hình cao",4,"Blog","medium","thinkpro.vn/laptop-mỏng-nhẹ-cấu-hình-cao"
"laptop nhật",4,"Blog","medium","thinkpro.vn/laptop-nhật"
"laptop nhẹ nhất hiện nay",2,"Blog","medium","thinkpro.vn/laptop-nhẹ-nhất-hiện-nay"
"laptop nào bền nhất",2,"Blog","medium","thinkpro.vn/laptop-nào-bền-nhất"
"laptop thinkpad",7,"Laptop","medium","thinkpro.vn/laptop-thinkpad"
"laptop tốt nhất hiện nay",4,"Blog","medium","thinkpro.vn/laptop-tốt-nhất-hiện-nay"
"laptop tự khởi động khi mở nắp",1,"Gear","medium","thinkpro.vn/laptop-tự-khởi-động-khi-mở-nắp"
"laptop update quá lâu",2,"Blog","medium","thinkpro.vn/laptop-update-quá-lâu"
"laptop vỏ kim loại",2,"Gear","medium","thinkpro.vn/laptop-vỏ-kim-loại"
"laptop xps",10,"Gear","medium","thinkpro.vn/laptop-xps"
"laptop đèn nguồn nhấp nháy không lên được",2,"Gear","medium","thinkpro.vn/laptop-đèn-nguồn-nhấp-nháy-không-lên-được"
"latitude 7430",4,"Phụ Kiện","medium","thinkpro.vn/latitude-7430"
"layout bàn phím",1,"Laptop","medium","thinkpro.vn/layout-bàn-phím"
"legion 5",9,"Phụ Kiện","medium","thinkpro.vn/legion-5"
"legion go",7,"PC","medium","thinkpro.vn/legion-go"
"legion pro 7i",4,"Gear","medium","thinkpro.vn/legion-pro-7i"
"legion slim 5 2023",2,"PC","medium","thinkpro.vn/legion-slim-5-2023"
"legion slim 7 2023",2,"PC","medium","thinkpro.vn/legion-slim-7-2023"
"lenovo",11,"Gear","medium","thinkpro.vn/lenovo"
"lenovo ideapad slim 5 2024",10,"Gear","medium","thinkpro.vn/lenovo-ideapad-slim-5-2024"
"lenovo ideapad slim 5i",5,"Phụ Kiện","medium","thinkpro.vn/lenovo-ideapad-slim-5i"
"lenovo legion 5i",4,"Laptop","medium","thinkpro.vn/lenovo-legion-5i"
"lenovo legion slim 5 2023",3,"PC","medium","thinkpro.vn/lenovo-legion-slim-5-2023"
"lenovo legion y7000p 2025",8,"Blog","medium","thinkpro.vn/lenovo-legion-y7000p-2025"
"lenovo thinkbook",19,"PC","medium","thinkpro.vn/lenovo-thinkbook"
"lenovo thinkbook 16 g6+",7,"Blog","medium","thinkpro.vn/lenovo-thinkbook-16-g6+"
"lenovo thinkbook x ai",4,"PC","medium","thinkpro.vn/lenovo-thinkbook-x-ai"
"lenovo thinkpad",5,"Laptop","medium","thinkpro.vn/lenovo-thinkpad"
"lenovo thinkpad gen 9",2,"Phụ Kiện","medium","thinkpro.vn/lenovo-thinkpad-gen-9"
"lenovo thinkpad p1 gen 5",5,"Laptop","medium","thinkpro.vn/lenovo-thinkpad-p1-gen-5"
"lenovo thinkpad p1 gen 7",8,"Laptop","medium","thinkpro.vn/lenovo-thinkpad-p1-gen-7"
"lenovo thinkpad t14s",8,"Laptop","medium","thinkpro.vn/lenovo-thinkpad-t14s"
"lenovo thinkpad t14s gen 2",16,"Phụ Kiện","medium","thinkpro.vn/lenovo-thinkpad-t14s-gen-2"
"lenovo thinkpad x1 carbon gen 11",9,"Laptop","medium","thinkpro.vn/lenovo-thinkpad-x1-carbon-gen-11"
"lenovo thinkpad x1 carbon gen 7",7,"Phụ Kiện","medium","thinkpro.vn/lenovo-thinkpad-x1-carbon-gen-7"
"lenovo thinkpad x1 extreme gen 5",13,"Gear","medium","thinkpro.vn/lenovo-thinkpad-x1-extreme-gen-5"
"lenovo thinkpad x1 yoga",31,"Phụ Kiện","medium","thinkpro.vn/lenovo-thinkpad-x1-yoga"
"lenovo thinkpad x1 yoga gen 7",14,"Gear","medium","thinkpro.vn/lenovo-thinkpad-x1-yoga-gen-7"
"lenovo thinkpad x395",2,"Phụ Kiện","medium","thinkpro.vn/lenovo-thinkpad-x395"
"lenovo vietnam",8,"Blog","medium","thinkpro.vn/lenovo-vietnam"
"lenovo xiaoxin 14 pro",3,"PC","medium","thinkpro.vn/lenovo-xiaoxin-14-pro"
"lenovo xiaoxin 14 pro 2024",6,"Gear","medium","thinkpro.vn/lenovo-xiaoxin-14-pro-2024"
"lenovo xiaoxin 14c 2025",4,"PC","medium","thinkpro.vn/lenovo-xiaoxin-14c-2025"
"lenovo xiaoxin 2025",4,"PC","medium","thinkpro.vn/lenovo-xiaoxin-2025"
"lenovo xiaoxin pro 14 2025",4,"Phụ Kiện","medium","thinkpro.vn/lenovo-xiaoxin-pro-14-2025"
"lenovo xiaoxin pro 14c 2025",4,"Phụ Kiện","medium","thinkpro.vn/lenovo-xiaoxin-pro-14c-2025"
"lenovo xiaoxin pro 2025",3,"PC","medium","thinkpro.vn/lenovo-xiaoxin-pro-2025"
"lenovo yoga",10,"Blog","medium","thinkpro.vn/lenovo-yoga"
"lenovo yoga pro 7i",2,"Phụ Kiện","medium","thinkpro.vn/lenovo-yoga-pro-7i"
"lenovo yoga pro 9i",3,"PC","medium","thinkpro.vn/lenovo-yoga-pro-9i"
"lenovo yoga slim 7",6,"Laptop","medium","thinkpro.vn/lenovo-yoga-slim-7"
"leobog hi75c pro",6,"Blog","medium","thinkpro.vn/leobog-hi75c-pro"
"lg gram 17",5,"Gear","medium","thinkpro.vn/lg-gram-17"
"lofree",8,"Laptop","medium","thinkpro.vn/lofree"
"lofree flow",6,"Laptop","medium","thinkpro.vn/lofree-flow"
"lofree flow 84",4,"Gear","medium","thinkpro.vn/lofree-flow-84"
"luyện đánh máy 10 ngón",8,"Gear","medium","thinkpro.vn/luyện-đánh-máy-10-ngón"
"lưu video youtube",8,"Blog","medium","thinkpro.vn/lưu-video-youtube"
"lỗi không reset được win 11",3,"Phụ Kiện","medium","thinkpro.vn/lỗi-không-reset-được-win-11"
"lỗi không tìm thấy camera trên laptop win 11",2,"PC","medium","thinkpro.vn/lỗi-không-tìm-thấy-camera-trên-laptop-win-11"
"lỗi không xem được ảnh trên máy tính win 11",1,"Gear","medium","thinkpro.vn/lỗi-không-xem-được-ảnh-trên-máy-tính-win-11"
"lỗi kết nối wifi nhưng không có mạng trên laptop",3,"Gear","medium","thinkpro.vn/lỗi-kết-nối-wifi-nhưng-không-có-mạng-trên-laptop"
"mchose g75",5,"Phụ Kiện","medium","thinkpro.vn/mchose-g75"
"meta quest 2",4,"PC","medium","thinkpro.vn/meta-quest-2"
"microsoft 365 free",8,"Phụ Kiện","medium","thinkpro.vn/microsoft-365-free"
"mua laptop",9,"PC","medium","thinkpro.vn/mua-laptop"
"mua laptop dell dòng nào tốt nhất",4,"Gear","medium","thinkpro.vn/mua-laptop-dell-dòng-nào-tốt-nhất"
"mx master 4",4,"Laptop","medium","thinkpro.vn/mx-master-4"
"myscreenchecker",5,"Gear","medium","thinkpro.vn/myscreenchecker"
"máy trạm dell",7,"PC","medium","thinkpro.vn/máy-trạm-dell"
"máy trạm dell precision",4,"Phụ Kiện","medium","thinkpro.vn/máy-trạm-dell-precision"
"máy tính bắt wifi kém",2,"PC","medium","thinkpro.vn/máy-tính-bắt-wifi-kém"
"máy tính bị lỗi recovery win 11",1,"Blog","medium","thinkpro.vn/máy-tính-bị-lỗi-recovery-win-11"
"máy tính casio online",10,"Gear","medium","thinkpro.vn/máy-tính-casio-online"
"máy tính không tìm thấy wifi",2,"PC","medium","thinkpro.vn/máy-tính-không-tìm-thấy-wifi"
"máy tính lenovo",6,"Phụ Kiện","medium","thinkpro.vn/máy-tính-lenovo"
"máy tính mất bluetooth",2,"Gear","medium","thinkpro.vn/máy-tính-mất-bluetooth"
"máy tính đèn nguồn nhấp nháy không lên được",2,"Phụ Kiện","medium","thinkpro.vn/máy-tính-đèn-nguồn-nhấp-nháy-không-lên-được"
"mất con trỏ chuột trên màn hình máy tính",5,"Blog","medium","thinkpro.vn/mất-con-trỏ-chuột-trên-màn-hình-máy-tính"
"nintendo switch 2",11,"Blog","medium","thinkpro.vn/nintendo-switch-2"
"nintendo switch oled hack",8,"Gear","medium","thinkpro.vn/nintendo-switch-oled-hack"
"nj80",5,"Gear","medium","thinkpro.vn/nj80"
"notebook",8,"Phụ Kiện","medium","thinkpro.vn/notebook"
"nuphy air 75",7,"Gear","medium","thinkpro.vn/nuphy-air-75"
"nuphy air v3",8,"Phụ Kiện","medium","thinkpro.vn/nuphy-air-v3"
"nuphy air75 v2",5,"Laptop","medium","thinkpro.vn/nuphy-air75-v2"
"nên mua laptop hãng nào",6,"Gear","medium","thinkpro.vn/nên-mua-laptop-hãng-nào"
"nên mua laptop hãng nào cho sinh viên",4,"Phụ Kiện","medium","thinkpro.vn/nên-mua-laptop-hãng-nào-cho-sinh-viên"
"nút thăng trên bàn phím máy tính",2,"Gear","medium","thinkpro.vn/nút-thăng-trên-bàn-phím-máy-tính"
"p1 gen 7",5,"Phụ Kiện","medium","thinkpro.vn/p1-gen-7"
"p1 gen4",2,"Phụ Kiện","medium","thinkpro.vn/p1-gen4"
"p16 gen 1",4,"Phụ Kiện","medium","thinkpro.vn/p16-gen-1"
"phần mềm chụp màn hình",6,"Phụ Kiện","medium","thinkpro.vn/phần-mềm-chụp-màn-hình"
"phần mềm chụp màn hình pc",5,"Blog","medium","thinkpro.vn/phần-mềm-chụp-màn-hình-pc"
"phần mềm dọn rác máy tính",8,"Gear","medium","thinkpro.vn/phần-mềm-dọn-rác-máy-tính"
"precision 5480",7,"Gear","medium","thinkpro.vn/precision-5480"
"quên mật khẩu laptop",2,"Laptop","medium","thinkpro.vn/quên-mật-khẩu-laptop"
"quên mật khẩu laptop dell",7,"Gear","medium","thinkpro.vn/quên-mật-khẩu-laptop-dell"
"quên mật khẩu laptop win 11",2,"Phụ Kiện","medium","thinkpro.vn/quên-mật-khẩu-laptop-win-11"
"quên mật khẩu máy tính",8,"Blog","medium","thinkpro.vn/quên-mật-khẩu-máy-tính"
"quên mật khẩu máy tính win 11",2,"Laptop","medium","thinkpro.vn/quên-mật-khẩu-máy-tính-win-11"
"quên pass máy tính win 11",2,"Laptop","medium","thinkpro.vn/quên-pass-máy-tính-win-11"
"quạt laptop kêu rè rè",2,"Phụ Kiện","medium","thinkpro.vn/quạt-laptop-kêu-rè-rè"
"r7 5825u",5,"Phụ Kiện","medium","thinkpro.vn/r7-5825u"
"rainy75",5,"PC","medium","thinkpro.vn/rainy75"
"razer blade",7,"Phụ Kiện","medium","thinkpro.vn/razer-blade"
"razer blade 16",9,"Gear","medium","thinkpro.vn/razer-blade-16"
"razer book 13",6,"Gear","medium","thinkpro.vn/razer-book-13"
"razer laptop",7,"Gear","medium","thinkpro.vn/razer-laptop"
"rtx là gì",5,"Gear","medium","thinkpro.vn/rtx-là-gì"
"ryzen 5 7235hs",3,"PC","medium","thinkpro.vn/ryzen-5-7235hs"
"slim 7 pro x",5,"PC","medium","thinkpro.vn/slim-7-pro-x"
"soundcloud tải nhạc",5,"Gear","medium","thinkpro.vn/soundcloud-tải-nhạc"
"surface pro 11",10,"Blog","medium","thinkpro.vn/surface-pro-11"
"surface pro x sq2",11,"Gear","medium","thinkpro.vn/surface-pro-x-sq2"
"switch v2 vs oled",8,"Blog","medium","thinkpro.vn/switch-v2-vs-oled"
"sửa bàn phím",5,"Gear","medium","thinkpro.vn/sửa-bàn-phím"
"t14 gen 3",6,"Phụ Kiện","medium","thinkpro.vn/t14-gen-3"
"t14s gen 5",5,"Blog","medium","thinkpro.vn/t14s-gen-5"
"tai nhac sound",5,"Blog","medium","thinkpro.vn/tai-nhac-sound"
"tai video facebook",8,"Phụ Kiện","medium","thinkpro.vn/tai-video-facebook"
"tai video tu youtube",8,"Gear","medium","thinkpro.vn/tai-video-tu-youtube"
"tai video youtube",7,"Laptop","medium","thinkpro.vn/tai-video-youtube"
"tai youtube ve may tinh",2,"Gear","medium","thinkpro.vn/tai-youtube-ve-may-tinh"
"tay cầm chơi game pc",5,"Phụ Kiện","medium","thinkpro.vn/tay-cầm-chơi-game-pc"
"telegram web",6,"Laptop","medium","thinkpro.vn/telegram-web"
"test hiệu năng máy tính",4,"Blog","medium","thinkpro.vn/test-hiệu-năng-máy-tính"
"test màn hình laptop",6,"Phụ Kiện","medium","thinkpro.vn/test-màn-hình-laptop"
"thay main laptop hp giá bao nhiêu",2,"Blog","medium","thinkpro.vn/thay-main-laptop-hp-giá-bao-nhiêu"
"thinhpro",1,"PC","medium","thinkpro.vn/thinhpro"
"thinkbook",16,"Phụ Kiện","medium","thinkpro.vn/thinkbook"
"thinkbook 14",9,"Phụ Kiện","medium","thinkpro.vn/thinkbook-14"
"thinkbook 14 g4+",3,"Gear","medium","thinkpro.vn/thinkbook-14-g4+"
"thinkbook 14 g8",5,"Phụ Kiện","medium","thinkpro.vn/thinkbook-14-g8"
"thinkbook 16 g7+",7,"PC","medium","thinkpro.vn/thinkbook-16-g7+"
"thinkbook g6+",4,"Blog","medium","thinkpro.vn/thinkbook-g6+"
"thinkpad carbon",10,"Phụ Kiện","medium","thinkpro.vn/thinkpad-carbon"
"thinkpad carbon gen 9",2,"Gear","medium","thinkpro.vn/thinkpad-carbon-gen-9"
"thinkpad e14 gen 7",9,"Phụ Kiện","medium","thinkpro.vn/thinkpad-e14-gen-7"
"thinkpad e16 gen 3",6,"PC","medium","thinkpro.vn/thinkpad-e16-gen-3"
"thinkpad gen 9",2,"Phụ Kiện","medium","thinkpro.vn/thinkpad-gen-9"
"thinkpad lenovo",6,"Phụ Kiện","medium","thinkpro.vn/thinkpad-lenovo"
"thinkpad neo 14",2,"Phụ Kiện","medium","thinkpro.vn/thinkpad-neo-14"
"thinkpad p series",10,"PC","medium","thinkpro.vn/thinkpad-p-series"
"thinkpad p1",11,"Laptop","medium","thinkpro.vn/thinkpad-p1"
"thinkpad p1 gen 3",4,"Laptop","medium","thinkpro.vn/thinkpad-p1-gen-3"
"thinkpad p1 gen 4",4,"Laptop","medium","thinkpro.vn/thinkpad-p1-gen-4"
"thinkpad p1 gen 6",4,"Laptop","medium","thinkpro.vn/thinkpad-p1-gen-6"
"thinkpad p1 gen 8",6,"Laptop","medium","thinkpro.vn/thinkpad-p1-gen-8"
"thinkpad p1 gen4",4,"Laptop","medium","thinkpro.vn/thinkpad-p1-gen4"
"thinkpad p1 gen5",5,"Phụ Kiện","medium","thinkpro.vn/thinkpad-p1-gen5"
"thinkpad p15",10,"Laptop","medium","thinkpro.vn/thinkpad-p15"
"thinkpad p15 gen 2",10,"Laptop","medium","thinkpro.vn/thinkpad-p15-gen-2"
"thinkpad p15v",3,"Gear","medium","thinkpro.vn/thinkpad-p15v"
"thinkpad p15v gen 3",7,"Phụ Kiện","medium","thinkpro.vn/thinkpad-p15v-gen-3"
"thinkpad p16 gen 1",5,"Laptop","medium","thinkpro.vn/thinkpad-p16-gen-1"
"thinkpad p16 gen 2",6,"Laptop","medium","thinkpro.vn/thinkpad-p16-gen-2"
"thinkpad p16s gen 2",6,"PC","medium","thinkpro.vn/thinkpad-p16s-gen-2"
"thinkpad pro",6,"Blog","medium","thinkpro.vn/thinkpad-pro"
"thinkpad t series",16,"Gear","medium","thinkpro.vn/thinkpad-t-series"
"thinkpad t14 gen 2",6,"Laptop","medium","thinkpro.vn/thinkpad-t14-gen-2"
"thinkpad t14 gen 4",8,"Laptop","medium","thinkpro.vn/thinkpad-t14-gen-4"
"thinkpad t14 gen 5",7,"PC","medium","thinkpro.vn/thinkpad-t14-gen-5"
"thinkpad t14s gen 4",4,"Laptop","medium","thinkpro.vn/thinkpad-t14s-gen-4"
"thinkpad t16 gen 3",6,"Phụ Kiện","medium","thinkpro.vn/thinkpad-t16-gen-3"
"thinkpad t490",4,"Phụ Kiện","medium","thinkpro.vn/thinkpad-t490"
"thinkpad x1 carbon",7,"Laptop","medium","thinkpro.vn/thinkpad-x1-carbon"
"thinkpad x1 carbon gen 11",5,"Laptop","medium","thinkpro.vn/thinkpad-x1-carbon-gen-11"
"thinkpad x1 carbon gen 9 i7-1185g7",4,"Gear","medium","thinkpro.vn/thinkpad-x1-carbon-gen-9-i7-1185g7"
"thinkpad x1 extreme",16,"Laptop","medium","thinkpro.vn/thinkpad-x1-extreme"
"thinkpad x1 extreme gen 5",5,"Laptop","medium","thinkpro.vn/thinkpad-x1-extreme-gen-5"
"thinkpad x1 fold",2,"Phụ Kiện","medium","thinkpro.vn/thinkpad-x1-fold"
"thinkpad x1 gen 10",3,"Laptop","medium","thinkpro.vn/thinkpad-x1-gen-10"
"thinkpad x1 gen 12",3,"PC","medium","thinkpro.vn/thinkpad-x1-gen-12"
"thinkpad x1 nano gen 1",3,"PC","medium","thinkpro.vn/thinkpad-x1-nano-gen-1"
"thinkpad x1 nano gen 2",5,"PC","medium","thinkpro.vn/thinkpad-x1-nano-gen-2"
"thinkpad x1 nano gen 3",9,"Phụ Kiện","medium","thinkpro.vn/thinkpad-x1-nano-gen-3"
"thinkpad x1 nano gen 4",5,"Gear","medium","thinkpro.vn/thinkpad-x1-nano-gen-4"
"thinkpad x1 yoga",18,"Blog","medium","thinkpro.vn/thinkpad-x1-yoga"
"thinkpad x1 yoga gen 8",9,"Laptop","medium","thinkpro.vn/thinkpad-x1-yoga-gen-8"
"thinkpad x12",5,"Laptop","medium","thinkpro.vn/thinkpad-x12"
"thinkpad x12 detachable",4,"Laptop","medium","thinkpro.vn/thinkpad-x12-detachable"
"thinkpad x13 gen 3",11,"Phụ Kiện","medium","thinkpro.vn/thinkpad-x13-gen-3"
"thinkpad x13s",26,"Blog","medium","thinkpro.vn/thinkpad-x13s"
"thinkpad x9",8,"Phụ Kiện","medium","thinkpro.vn/thinkpad-x9"
"thinkpad x9 15",5,"Gear","medium","thinkpro.vn/thinkpad-x9-15"
"thinkpad z16",9,"Laptop","medium","thinkpro.vn/thinkpad-z16"
"thinkpro có uy tín không",4,"Phụ Kiện","medium","thinkpro.vn/thinkpro-có-uy-tín-không"
"thinkpro thái hà",2,"Laptop","medium","thinkpro.vn/thinkpro-thái-hà"
"thinpro",4,"Laptop","medium","thinkpro.vn/thinpro"
"tháo pin laptop dell",2,"Phụ Kiện","medium","thinkpro.vn/tháo-pin-laptop-dell"
"thêm ứng dụng vào màn hình chính laptop",2,"PC","medium","thinkpro.vn/thêm-ứng-dụng-vào-màn-hình-chính-laptop"
"thời gian sáng màn hình win 11",2,"Phụ Kiện","medium","thinkpro.vn/thời-gian-sáng-màn-hình-win-11"
"top tay cầm chơi game pc",2,"PC","medium","thinkpro.vn/top-tay-cầm-chơi-game-pc"
"truyền dữ liệu giữa 2 máy tính qua wifi win 11",2,"PC","medium","thinkpro.vn/truyền-dữ-liệu-giữa-2-máy-tính-qua-wifi-win-11"
"tăng thời gian sáng màn hình win 11",2,"Gear","medium","thinkpro.vn/tăng-thời-gian-sáng-màn-hình-win-11"
"tại sao kết nối tai nghe bluetooth không nghe được trên laptop",2,"Gear","medium","thinkpro.vn/tại-sao-kết-nối-tai-nghe-bluetooth-không-nghe-được-trên-laptop"
"tải clip youtube",8,"PC","medium","thinkpro.vn/tải-clip-youtube"
"tải duolingo về máy tính",6,"Blog","medium","thinkpro.vn/tải-duolingo-về-máy-tính"
"tải gmail về máy tính",8,"Blog","medium","thinkpro.vn/tải-gmail-về-máy-tính"
"tải nhạc soundcloud chất lượng cao",3,"Blog","medium","thinkpro.vn/tải-nhạc-soundcloud-chất-lượng-cao"
"tải nhạc soundcloud về máy",5,"PC","medium","thinkpro.vn/tải-nhạc-soundcloud-về-máy"
"tải nhạc youtube về máy tính",6,"PC","medium","thinkpro.vn/tải-nhạc-youtube-về-máy-tính"
"tải tiktok cho macbook",6,"Gear","medium","thinkpro.vn/tải-tiktok-cho-macbook"
"tải ultraviewer",4,"Laptop","medium","thinkpro.vn/tải-ultraviewer"
"tải ultraviewer cho máy tính",4,"Gear","medium","thinkpro.vn/tải-ultraviewer-cho-máy-tính"
"tải ultraviewer miễn phí",4,"Gear","medium","thinkpro.vn/tải-ultraviewer-miễn-phí"
"tải video từ youtube",7,"Laptop","medium","thinkpro.vn/tải-video-từ-youtube"
"tải video từ youtube trên laptop",5,"Gear","medium","thinkpro.vn/tải-video-từ-youtube-trên-laptop"
"tải video youtube",6,"Laptop","medium","thinkpro.vn/tải-video-youtube"
"tải video youtube bằng link",7,"Gear","medium","thinkpro.vn/tải-video-youtube-bằng-link"
"tải video youtube chất lượng cao",6,"Laptop","medium","thinkpro.vn/tải-video-youtube-chất-lượng-cao"
"tải video youtube về laptop",6,"Phụ Kiện","medium","thinkpro.vn/tải-video-youtube-về-laptop"
"tải video youtube về máy",8,"Laptop","medium","thinkpro.vn/tải-video-youtube-về-máy"
"tải video youtube về máy tính",7,"Laptop","medium","thinkpro.vn/tải-video-youtube-về-máy-tính"
"tải yoosee cho máy tính",6,"Gear","medium","thinkpro.vn/tải-yoosee-cho-máy-tính"
"tải yoosee về máy tính",7,"Blog","medium","thinkpro.vn/tải-yoosee-về-máy-tính"
"tải youtube trên máy tính",3,"Laptop","medium","thinkpro.vn/tải-youtube-trên-máy-tính"
"tải youtube video",8,"Blog","medium","thinkpro.vn/tải-youtube-video"
"tải youtube về laptop",3,"Laptop","medium","thinkpro.vn/tải-youtube-về-laptop"
"tải zoom cho laptop",5,"Phụ Kiện","medium","thinkpro.vn/tải-zoom-cho-laptop"
"tắt chế độ hibernate win 11",2,"Gear","medium","thinkpro.vn/tắt-chế-độ-hibernate-win-11"
"tắt chế độ ngủ win 11",3,"Phụ Kiện","medium","thinkpro.vn/tắt-chế-độ-ngủ-win-11"
"tắt laptop đúng cách",2,"Laptop","medium","thinkpro.vn/tắt-laptop-đúng-cách"
"tắt máy tính đúng cách",2,"Phụ Kiện","medium","thinkpro.vn/tắt-máy-tính-đúng-cách"
"tắt phím fn trên laptop hp win 11",2,"Gear","medium","thinkpro.vn/tắt-phím-fn-trên-laptop-hp-win-11"
"tắt sleep win 11",2,"Blog","medium","thinkpro.vn/tắt-sleep-win-11"
"tắt zalo khởi động cùng máy tính",2,"Phụ Kiện","medium","thinkpro.vn/tắt-zalo-khởi-động-cùng-máy-tính"
"tắt ứng dụng chạy ngầm trên win 11",4,"Gear","medium","thinkpro.vn/tắt-ứng-dụng-chạy-ngầm-trên-win-11"
"tắt ứng dụng tự khởi chạy trên win 11",3,"Blog","medium","thinkpro.vn/tắt-ứng-dụng-tự-khởi-chạy-trên-win-11"
"ultrabook",6,"Phụ Kiện","medium","thinkpro.vn/ultrabook"
"viewsonic vx1655 4k oled",3,"PC","medium","thinkpro.vn/viewsonic-vx1655-4k-oled"
"x1 carbon",6,"PC","medium","thinkpro.vn/x1-carbon"
"x1 carbon gen 11",5,"Laptop","medium","thinkpro.vn/x1-carbon-gen-11"
"x1 carbon gen 7",9,"Gear","medium","thinkpro.vn/x1-carbon-gen-7"
"x1 carbon gen 8",6,"Laptop","medium","thinkpro.vn/x1-carbon-gen-8"
"x1 carbon gen 9",4,"Laptop","medium","thinkpro.vn/x1-carbon-gen-9"
"x1 gen 9",4,"PC","medium","thinkpro.vn/x1-gen-9"
"x1 nano gen 4",5,"Gear","medium","thinkpro.vn/x1-nano-gen-4"
"xem camera yoosee trên máy tính",3,"PC","medium","thinkpro.vn/xem-camera-yoosee-trên-máy-tính"
"xem pass wifi win 10",4,"Blog","medium","thinkpro.vn/xem-pass-wifi-win-10"
"xem đời máy laptop dell",2,"PC","medium","thinkpro.vn/xem-đời-máy-laptop-dell"
"xiaoxin",3,"Laptop","medium","thinkpro.vn/xiaoxin"
"xiaoxin 14",4,"PC","medium","thinkpro.vn/xiaoxin-14"
"xiaoxin 14 pro",4,"PC","medium","thinkpro.vn/xiaoxin-14-pro"
"xiaoxin pro",3,"Phụ Kiện","medium","thinkpro.vn/xiaoxin-pro"
"xiaoxin pro 14 ahp9",2,"Phụ Kiện","medium","thinkpro.vn/xiaoxin-pro-14-ahp9"
"xiaoxin pro 14c",5,"Laptop","medium","thinkpro.vn/xiaoxin-pro-14c"
"xiaoxin pro 14c 2025",5,"PC","medium","thinkpro.vn/xiaoxin-pro-14c-2025"
"xiaoxin pro 16 2024",4,"Gear","medium","thinkpro.vn/xiaoxin-pro-16-2024"
"xps",7,"Gear","medium","thinkpro.vn/xps"
"xps 13",10,"Phụ Kiện","medium","thinkpro.vn/xps-13"
"xps 9315",5,"Blog","medium","thinkpro.vn/xps-9315"
"xóa file rác win 11",2,"PC","medium","thinkpro.vn/xóa-file-rác-win-11"
"yoga pro 9i",3,"Phụ Kiện","medium","thinkpro.vn/yoga-pro-9i"
"yoga slim 7",7,"Gear","medium","thinkpro.vn/yoga-slim-7"
"yoga slim 7i",7,"Gear","medium","thinkpro.vn/yoga-slim-7i"
"yoosee pc",11,"Blog","medium","thinkpro.vn/yoosee-pc"
"youtube cho máy tính",4,"Gear","medium","thinkpro.vn/youtube-cho-máy-tính"
"zing mp3 premium code",4,"Gear","medium","thinkpro.vn/zing-mp3-premium-code"
"đăng ký tài khoản zalo trên máy tính",6,"Gear","medium","thinkpro.vn/đăng-ký-tài-khoản-zalo-trên-máy-tính"
"đăng nhập telegram trên máy tính",2,"PC","medium","thinkpro.vn/đăng-nhập-telegram-trên-máy-tính"
"đăng xuất outlook",5,"Blog","medium","thinkpro.vn/đăng-xuất-outlook"
"đổi tên laptop win 11",3,"Blog","medium","thinkpro.vn/đổi-tên-laptop-win-11"
"đổi vpn trên máy tính",3,"Phụ Kiện","medium","thinkpro.vn/đổi-vpn-trên-máy-tính"
"13 win",9,"Laptop","low","thinkpro.vn/13-win"
"acer swift go 16",3,"Phụ Kiện","low","thinkpro.vn/acer-swift-go-16"
"alienware m16 r2",3,"PC","low","thinkpro.vn/alienware-m16-r2"
"attack shark x3",14,"PC","low","thinkpro.vn/attack-shark-x3"
"bàn phím lofree flow lite",2,"Phụ Kiện","low","thinkpro.vn/bàn-phím-lofree-flow-lite"
"bật chế độ hibernate win 11",2,"Phụ Kiện","low","thinkpro.vn/bật-chế-độ-hibernate-win-11"
"chontoico",3,"Phụ Kiện","low","thinkpro.vn/chontoico"
"chuột cảm ứng laptop không di chuyển được win 10",2,"PC","low","thinkpro.vn/chuột-cảm-ứng-laptop-không-di-chuyển-được-win-10"
"chỉnh thời gian sáng màn hình win 11",2,"PC","low","thinkpro.vn/chỉnh-thời-gian-sáng-màn-hình-win-11"
"code zing mp3",5,"Phụ Kiện","low","thinkpro.vn/code-zing-mp3"
"cài lại win",5,"Phụ Kiện","low","thinkpro.vn/cài-lại-win"
"cài lại win cho laptop",3,"PC","low","thinkpro.vn/cài-lại-win-cho-laptop"
"cài đặt youtube cho laptop",2,"Phụ Kiện","low","thinkpro.vn/cài-đặt-youtube-cho-laptop"
"cách bật quạt tản nhiệt laptop",1,"PC","low","thinkpro.vn/cách-bật-quạt-tản-nhiệt-laptop"
"cách chơi mini world trên máy tính",2,"Phụ Kiện","low","thinkpro.vn/cách-chơi-mini-world-trên-máy-tính"
"cách chỉnh ảnh vừa màn hình desktop win 11",3,"PC","low","thinkpro.vn/cách-chỉnh-ảnh-vừa-màn-hình-desktop-win-11"
"cách download video youtube",6,"Phụ Kiện","low","thinkpro.vn/cách-download-video-youtube"
"cách dùng microsoft 365 free",3,"PC","low","thinkpro.vn/cách-dùng-microsoft-365-free"
"cách dọn rác máy tính win 11",2,"PC","low","thinkpro.vn/cách-dọn-rác-máy-tính-win-11"
"cách ghép video trên máy tính",3,"PC","low","thinkpro.vn/cách-ghép-video-trên-máy-tính"
"cách gõ dấu pinyin trên máy tính",2,"Phụ Kiện","low","thinkpro.vn/cách-gõ-dấu-pinyin-trên-máy-tính"
"cách gõ ký tự @ # $ ^ & * ( ) win 10",3,"PC","low","thinkpro.vn/cách-gõ-ký-tự-@-#-$-^-&-*-(-)-win-10"
"cách gõ pinyin",2,"PC","low","thinkpro.vn/cách-gõ-pinyin"
"cách gõ pinyin có dấu trên máy tính",2,"Laptop","low","thinkpro.vn/cách-gõ-pinyin-có-dấu-trên-máy-tính"
"cách gõ được ký tự @ # $ ^ & * ( ) win 10",3,"Laptop","low","thinkpro.vn/cách-gõ-được-ký-tự-@-#-$-^-&-*-(-)-win-10"
"cách khởi động laptop dell",2,"Phụ Kiện","low","thinkpro.vn/cách-khởi-động-laptop-dell"
"cách khởi động laptop hp",2,"PC","low","thinkpro.vn/cách-khởi-động-laptop-hp"
"cách khởi động lại laptop",3,"PC","low","thinkpro.vn/cách-khởi-động-lại-laptop"
"cách kiểm tra độ chai pin laptop win 11",2,"PC","low","thinkpro.vn/cách-kiểm-tra-độ-chai-pin-laptop-win-11"
"cách kết nối bút cảm ứng với laptop hp",1,"Phụ Kiện","low","thinkpro.vn/cách-kết-nối-bút-cảm-ứng-với-laptop-hp"
"cách mở laptop hp",2,"Laptop","low","thinkpro.vn/cách-mở-laptop-hp"
"cách mở máy tính asus",1,"PC","low","thinkpro.vn/cách-mở-máy-tính-asus"
"cách mở nguồn laptop asus",2,"Phụ Kiện","low","thinkpro.vn/cách-mở-nguồn-laptop-asus"
"cách mở nguồn laptop dell",2,"PC","low","thinkpro.vn/cách-mở-nguồn-laptop-dell"
"cách mở nguồn laptop hp",2,"PC","low","thinkpro.vn/cách-mở-nguồn-laptop-hp"
"cách reset laptop dell",3,"Laptop","low","thinkpro.vn/cách-reset-laptop-dell"
"cách shutdown laptop đúng cách",2,"PC","low","thinkpro.vn/cách-shutdown-laptop-đúng-cách"
"cách sửa lỗi bàn phím không gõ được bất kỳ phím nào",2,"PC","low","thinkpro.vn/cách-sửa-lỗi-bàn-phím-không-gõ-được-bất-kỳ-phím-nào"
"cách thêm ứng dụng vào màn hình chính laptop",2,"Laptop","low","thinkpro.vn/cách-thêm-ứng-dụng-vào-màn-hình-chính-laptop"
"cách tải tft trên laptop",3,"Laptop","low","thinkpro.vn/cách-tải-tft-trên-laptop"
"cách tải video từ youtube về máy tính",5,"Laptop","low","thinkpro.vn/cách-tải-video-từ-youtube-về-máy-tính"
"cách tải video youtube",6,"PC","low","thinkpro.vn/cách-tải-video-youtube"
"cách tải ứng dụng trên máy tính dell",2,"PC","low","thinkpro.vn/cách-tải-ứng-dụng-trên-máy-tính-dell"
"cách tải ứng dụng về laptop",3,"PC","low","thinkpro.vn/cách-tải-ứng-dụng-về-laptop"
"cách tắt fn lock",2,"Phụ Kiện","low","thinkpro.vn/cách-tắt-fn-lock"
"cách tắt hoàn toàn laptop",2,"Phụ Kiện","low","thinkpro.vn/cách-tắt-hoàn-toàn-laptop"
"cách tắt máy tính đúng cách",2,"Laptop","low","thinkpro.vn/cách-tắt-máy-tính-đúng-cách"
"cách tắt zalo khởi động cùng máy tính",3,"PC","low","thinkpro.vn/cách-tắt-zalo-khởi-động-cùng-máy-tính"
"cách viết pinyin có dấu trên máy tính",2,"Laptop","low","thinkpro.vn/cách-viết-pinyin-có-dấu-trên-máy-tính"
"cách xem laptop bao nhiêu inch",4,"PC","low","thinkpro.vn/cách-xem-laptop-bao-nhiêu-inch"
"cách xem mật khẩu wifi trên máy tính",9,"Blog","low","thinkpro.vn/cách-xem-mật-khẩu-wifi-trên-máy-tính"
"cách xem thông tin laptop dell",2,"PC","low","thinkpro.vn/cách-xem-thông-tin-laptop-dell"
"cách xóa bôi đen trong word",2,"Phụ Kiện","low","thinkpro.vn/cách-xóa-bôi-đen-trong-word"
"cách đánh pinyin trên máy tính",2,"Laptop","low","thinkpro.vn/cách-đánh-pinyin-trên-máy-tính"
"cách đăng nhập telegram trên máy tính",2,"PC","low","thinkpro.vn/cách-đăng-nhập-telegram-trên-máy-tính"
"cách đưa ứng dụng ra màn hình chính laptop",2,"Blog","low","thinkpro.vn/cách-đưa-ứng-dụng-ra-màn-hình-chính-laptop"
"cách để hình nền máy tính không bị mờ",2,"PC","low","thinkpro.vn/cách-để-hình-nền-máy-tính-không-bị-mờ"
"cách đổi tên màn hình khóa máy tính win 11",2,"PC","low","thinkpro.vn/cách-đổi-tên-màn-hình-khóa-máy-tính-win-11"
"cách đổi vpn trên laptop",2,"Phụ Kiện","low","thinkpro.vn/cách-đổi-vpn-trên-laptop"
"cách đổi vpn trên máy tính",3,"Phụ Kiện","low","thinkpro.vn/cách-đổi-vpn-trên-máy-tính"
"dell 5400",7,"PC","low","thinkpro.vn/dell-5400"
"dell 5560",9,"PC","low","thinkpro.vn/dell-5560"
"dell 7550",5,"PC","low","thinkpro.vn/dell-7550"
"dell 7560",7,"PC","low","thinkpro.vn/dell-7560"
"dell 7630",4,"PC","low","thinkpro.vn/dell-7630"
"dell inspiron 14 plus 7440",2,"Laptop","low","thinkpro.vn/dell-inspiron-14-plus-7440"
"dell inspiron 5330",11,"Blog","low","thinkpro.vn/dell-inspiron-5330"
"dell inspiron 5445",8,"PC","low","thinkpro.vn/dell-inspiron-5445"
"dell inspiron 7430 plus",5,"PC","low","thinkpro.vn/dell-inspiron-7430-plus"
"dell inspiron 7640 plus",6,"Blog","low","thinkpro.vn/dell-inspiron-7640-plus"
"dell latitude 5400",5,"Laptop","low","thinkpro.vn/dell-latitude-5400"
"dell latitude 7320",12,"PC","low","thinkpro.vn/dell-latitude-7320"
"dell latitude 7440",11,"Blog","low","thinkpro.vn/dell-latitude-7440"
"dell latitude detachable",5,"Phụ Kiện","low","thinkpro.vn/dell-latitude-detachable"
"dell precision",13,"PC","low","thinkpro.vn/dell-precision"
"dell precision 5550",9,"Laptop","low","thinkpro.vn/dell-precision-5550"
"dell precision 5550 mới",2,"PC","low","thinkpro.vn/dell-precision-5550-mới"
"dell precision 5680",8,"Phụ Kiện","low","thinkpro.vn/dell-precision-5680"
"dell precision 7550",5,"Laptop","low","thinkpro.vn/dell-precision-7550"
"dell pro 14",7,"Blog","low","thinkpro.vn/dell-pro-14"
"dell xps 13",6,"Laptop","low","thinkpro.vn/dell-xps-13"
"dell xps 13 9340",5,"Phụ Kiện","low","thinkpro.vn/dell-xps-13-9340"
"dell xps 14",6,"PC","low","thinkpro.vn/dell-xps-14"
"dls",3,"Blog","low","thinkpro.vn/dls"
"download video trên youtube",7,"PC","low","thinkpro.vn/download-video-trên-youtube"
"download video youtube",7,"Laptop","low","thinkpro.vn/download-video-youtube"
"driver camera win 11",2,"PC","low","thinkpro.vn/driver-camera-win-11"
"driver wifi",4,"PC","low","thinkpro.vn/driver-wifi"
"dọn dẹp win 11",2,"Phụ Kiện","low","thinkpro.vn/dọn-dẹp-win-11"
"fake ip pc",3,"Laptop","low","thinkpro.vn/fake-ip-pc"
"game offline pc",7,"Laptop","low","thinkpro.vn/game-offline-pc"
"game pc hay",8,"Blog","low","thinkpro.vn/game-pc-hay"
"ghép video trên máy tính",5,"Phụ Kiện","low","thinkpro.vn/ghép-video-trên-máy-tính"
"giả lập nhẹ nhất cho pc yếu 2025",2,"PC","low","thinkpro.vn/giả-lập-nhẹ-nhất-cho-pc-yếu-2025"
"giả lập nintendo switch pc",2,"PC","low","thinkpro.vn/giả-lập-nintendo-switch-pc"
"giả lập switch trên pc",2,"Phụ Kiện","low","thinkpro.vn/giả-lập-switch-trên-pc"
"giả lập yuzu pc",1,"Blog","low","thinkpro.vn/giả-lập-yuzu-pc"
"hi75c pro",4,"PC","low","thinkpro.vn/hi75c-pro"
"hp elitebook 745 g6 sản xuất năm nào",2,"PC","low","thinkpro.vn/hp-elitebook-745-g6-sản-xuất-năm-nào"
"i5 3470",7,"Blog","low","thinkpro.vn/i5-3470"
"keychron m3",2,"Phụ Kiện","low","thinkpro.vn/keychron-m3"
"khởi động lại laptop",2,"Phụ Kiện","low","thinkpro.vn/khởi-động-lại-laptop"
"kết nối pc với laptop qua hdmi",1,"PC","low","thinkpro.vn/kết-nối-pc-với-laptop-qua-hdmi"
"kết nối tai nghe bluetooth với laptop nhưng không nghe được",1,"PC","low","thinkpro.vn/kết-nối-tai-nghe-bluetooth-với-laptop-nhưng-không-nghe-được"
"laptop",8,"Laptop","low","thinkpro.vn/laptop"
"laptop bàn phím rời",3,"PC","low","thinkpro.vn/laptop-bàn-phím-rời"
"laptop bị mất bluetooth",2,"Phụ Kiện","low","thinkpro.vn/laptop-bị-mất-bluetooth"
"laptop cho sinh viên",5,"PC","low","thinkpro.vn/laptop-cho-sinh-viên"
"laptop dell",10,"Phụ Kiện","low","thinkpro.vn/laptop-dell"
"laptop dell xps",6,"Laptop","low","thinkpro.vn/laptop-dell-xps"
"laptop hp core i3 có tốt không",2,"PC","low","thinkpro.vn/laptop-hp-core-i3-có-tốt-không"
"laptop hãng nào bền nhất",3,"Phụ Kiện","low","thinkpro.vn/laptop-hãng-nào-bền-nhất"
"laptop lenovo thinkpad",8,"Laptop","low","thinkpro.vn/laptop-lenovo-thinkpad"
"laptop lenovo xiaoxin",2,"PC","low","thinkpro.vn/laptop-lenovo-xiaoxin"
"laptop mini cấu hình cao",3,"PC","low","thinkpro.vn/laptop-mini-cấu-hình-cao"
"laptop msi có tốt không",3,"PC","low","thinkpro.vn/laptop-msi-có-tốt-không"
"laptop razer",6,"Laptop","low","thinkpro.vn/laptop-razer"
"laptop surface ưu nhược điểm",1,"Laptop","low","thinkpro.vn/laptop-surface-ưu-nhược-điểm"
"laptop thinkpad x1",3,"PC","low","thinkpro.vn/laptop-thinkpad-x1"
"laptop thinkpad x1 carbon",5,"PC","low","thinkpro.vn/laptop-thinkpad-x1-carbon"
"laptop xiaoxin",2,"Laptop","low","thinkpro.vn/laptop-xiaoxin"
"laptop xiaoxin pro 14",3,"Phụ Kiện","low","thinkpro.vn/laptop-xiaoxin-pro-14"
"legion 5 pro 2023",11,"Blog","low","thinkpro.vn/legion-5-pro-2023"
"legion 5 pro 2024",7,"Phụ Kiện","low","thinkpro.vn/legion-5-pro-2024"
"lenovo ideapad 5 pro",11,"Blog","low","thinkpro.vn/lenovo-ideapad-5-pro"
"lenovo thinkbook 14 g6+",3,"Laptop","low","thinkpro.vn/lenovo-thinkbook-14-g6+"
"lenovo thinkbook 14 g7+",7,"Phụ Kiện","low","thinkpro.vn/lenovo-thinkbook-14-g7+"
"lenovo thinkpad p",14,"Laptop","low","thinkpro.vn/lenovo-thinkpad-p"
"lenovo thinkpad p series",13,"PC","low","thinkpro.vn/lenovo-thinkpad-p-series"
"lenovo thinkpad p16 gen 2",8,"PC","low","thinkpro.vn/lenovo-thinkpad-p16-gen-2"
"lenovo thinkpad t14",14,"Laptop","low","thinkpro.vn/lenovo-thinkpad-t14"
"lenovo thinkpad t14 gen 1",10,"Phụ Kiện","low","thinkpro.vn/lenovo-thinkpad-t14-gen-1"
"lenovo thinkpad t14 gen 3",9,"PC","low","thinkpro.vn/lenovo-thinkpad-t14-gen-3"
"lenovo thinkpad x1 carbon",8,"Laptop","low","thinkpro.vn/lenovo-thinkpad-x1-carbon"
"lenovo thinkpad x1 carbon gen 10",4,"Laptop","low","thinkpro.vn/lenovo-thinkpad-x1-carbon-gen-10"
"lenovo thinkpad x1 extreme",33,"PC","low","thinkpro.vn/lenovo-thinkpad-x1-extreme"
"lenovo thinkpad x1 nano",15,"Phụ Kiện","low","thinkpro.vn/lenovo-thinkpad-x1-nano"
"lenovo thinkpad x12 detachable",10,"PC","low","thinkpro.vn/lenovo-thinkpad-x12-detachable"
"lenovo x1",15,"PC","low","thinkpro.vn/lenovo-x1"
"lenovo x1 yoga",25,"Phụ Kiện","low","thinkpro.vn/lenovo-x1-yoga"
"lenovo xiaoxin",3,"Laptop","low","thinkpro.vn/lenovo-xiaoxin"
"lenovo xiaoxin 14",3,"PC","low","thinkpro.vn/lenovo-xiaoxin-14"
"lenovo xiaoxin pro",2,"Laptop","low","thinkpro.vn/lenovo-xiaoxin-pro"
"lenovo xiaoxin pro 14",3,"Laptop","low","thinkpro.vn/lenovo-xiaoxin-pro-14"
"lenovo xiaoxin pro 14 2024",5,"PC","low","thinkpro.vn/lenovo-xiaoxin-pro-14-2024"
"lenovo xiaoxin pro 16c",4,"Phụ Kiện","low","thinkpro.vn/lenovo-xiaoxin-pro-16c"
"lenovo yoga book 9i",3,"PC","low","thinkpro.vn/lenovo-yoga-book-9i"
"lenovo yoga slim",5,"Phụ Kiện","low","thinkpro.vn/lenovo-yoga-slim"
"lenovo yoga slim 9i",4,"Phụ Kiện","low","thinkpro.vn/lenovo-yoga-slim-9i"
"lofree flow 2",3,"Laptop","low","thinkpro.vn/lofree-flow-2"
"logitech mx master 4",4,"Laptop","low","thinkpro.vn/logitech-mx-master-4"
"lỗi không đánh được số trên bàn phím laptop dell",3,"Phụ Kiện","low","thinkpro.vn/lỗi-không-đánh-được-số-trên-bàn-phím-laptop-dell"
"minecraft pc",10,"Phụ Kiện","low","thinkpro.vn/minecraft-pc"
"mini laptop",5,"Phụ Kiện","low","thinkpro.vn/mini-laptop"
"máy tính all in one",7,"PC","low","thinkpro.vn/máy-tính-all-in-one"
"máy tính bị mất âm thanh win 11",4,"PC","low","thinkpro.vn/máy-tính-bị-mất-âm-thanh-win-11"
"máy tính ở chế độ ngủ mở không lên màn hình",3,"PC","low","thinkpro.vn/máy-tính-ở-chế-độ-ngủ-mở-không-lên-màn-hình"
"nintendo switch v2",6,"PC","low","thinkpro.vn/nintendo-switch-v2"
"nuphy",4,"Phụ Kiện","low","thinkpro.vn/nuphy"
"nuphy air75",2,"PC","low","thinkpro.vn/nuphy-air75"
"p1 gen 5",3,"PC","low","thinkpro.vn/p1-gen-5"
"p15 gen 1",6,"PC","low","thinkpro.vn/p15-gen-1"
"pc bật nguồn sáng đèn 1 giây rồi tắt",2,"Phụ Kiện","low","thinkpro.vn/pc-bật-nguồn-sáng-đèn-1-giây-rồi-tắt"
"phần mềm dọn dẹp máy tính",7,"Blog","low","thinkpro.vn/phần-mềm-dọn-dẹp-máy-tính"
"quên mật khẩu laptop lenovo",2,"PC","low","thinkpro.vn/quên-mật-khẩu-laptop-lenovo"
"quên mật khẩu laptop phải làm sao",2,"PC","low","thinkpro.vn/quên-mật-khẩu-laptop-phải-làm-sao"
"quên mật khẩu windows 11",3,"Phụ Kiện","low","thinkpro.vn/quên-mật-khẩu-windows-11"
"quên pass laptop",2,"Laptop","low","thinkpro.vn/quên-pass-laptop"
"r5 7535hs",3,"PC","low","thinkpro.vn/r5-7535hs"
"rainy 75",5,"Laptop","low","thinkpro.vn/rainy-75"
"razer blade 14",4,"Laptop","low","thinkpro.vn/razer-blade-14"
"rog flow x13",6,"Phụ Kiện","low","thinkpro.vn/rog-flow-x13"
"ryzen 5 7535hs",6,"PC","low","thinkpro.vn/ryzen-5-7535hs"
"ryzen 7 5825u",4,"Phụ Kiện","low","thinkpro.vn/ryzen-7-5825u"
"switch v2",2,"Phụ Kiện","low","thinkpro.vn/switch-v2"
"sửa bàn phím cơ",7,"PC","low","thinkpro.vn/sửa-bàn-phím-cơ"
"sửa lỗi màn hình xanh win 11",3,"Phụ Kiện","low","thinkpro.vn/sửa-lỗi-màn-hình-xanh-win-11"
"t14s",9,"Phụ Kiện","low","thinkpro.vn/t14s"
"t14s gen 3",4,"PC","low","thinkpro.vn/t14s-gen-3"
"tai nghe bluetooth đã kết nối nhưng không nghe được trên máy tính",2,"PC","low","thinkpro.vn/tai-nghe-bluetooth-đã-kết-nối-nhưng-không-nghe-được-trên-máy-tính"
"tai youtube cho window",2,"Phụ Kiện","low","thinkpro.vn/tai-youtube-cho-window"
"tay cầm chơi game",7,"Laptop","low","thinkpro.vn/tay-cầm-chơi-game"
"telegram pc",5,"PC","low","thinkpro.vn/telegram-pc"
"test pin laptop win 11",2,"PC","low","thinkpro.vn/test-pin-laptop-win-11"
"thay đổi tên máy tính win 11",5,"Laptop","low","thinkpro.vn/thay-đổi-tên-máy-tính-win-11"
"think pad",6,"PC","low","thinkpro.vn/think-pad"
"thinkbook 14 g7+",8,"PC","low","thinkpro.vn/thinkbook-14-g7+"
"thinkbook 16 g6+",7,"Phụ Kiện","low","thinkpro.vn/thinkbook-16-g6+"
"thinkpad",5,"Laptop","low","thinkpro.vn/thinkpad"
"thinkpad detachable",10,"PC","low","thinkpro.vn/thinkpad-detachable"
"thinkpad dòng p",2,"Phụ Kiện","low","thinkpro.vn/thinkpad-dòng-p"
"thinkpad p14s gen 4",8,"PC","low","thinkpro.vn/thinkpad-p14s-gen-4"
"thinkpad p15 gen 1",5,"Laptop","low","thinkpro.vn/thinkpad-p15-gen-1"
"thinkpad p15 gen 3",3,"PC","low","thinkpro.vn/thinkpad-p15-gen-3"
"thinkpad t",15,"Phụ Kiện","low","thinkpro.vn/thinkpad-t"
"thinkpad t14s",6,"Laptop","low","thinkpro.vn/thinkpad-t14s"
"thinkpad t14s gen 3",5,"Laptop","low","thinkpro.vn/thinkpad-t14s-gen-3"
"thinkpad t14s gen 5",5,"Laptop","low","thinkpro.vn/thinkpad-t14s-gen-5"
"thinkpad t16",11,"PC","low","thinkpro.vn/thinkpad-t16"
"thinkpad t16 gen 2",8,"Phụ Kiện","low","thinkpro.vn/thinkpad-t16-gen-2"
"thinkpad t480",4,"PC","low","thinkpro.vn/thinkpad-t480"
"thinkpad t480s",6,"Phụ Kiện","low","thinkpro.vn/thinkpad-t480s"
"thinkpad x1 carbon gen 10",3,"Laptop","low","thinkpro.vn/thinkpad-x1-carbon-gen-10"
"thinkpad x1 extreme gen 3",8,"Laptop","low","thinkpro.vn/thinkpad-x1-extreme-gen-3"
"thinkpad x1 extreme gen 6",6,"PC","low","thinkpro.vn/thinkpad-x1-extreme-gen-6"
"thinkpad x1 gen 11",3,"Phụ Kiện","low","thinkpro.vn/thinkpad-x1-gen-11"
"thinkpad x1 gen 8",6,"PC","low","thinkpro.vn/thinkpad-x1-gen-8"
"thinkpad x1 nano",13,"Laptop","low","thinkpro.vn/thinkpad-x1-nano"
"thinkpad x13 gen 1",5,"Laptop","low","thinkpro.vn/thinkpad-x13-gen-1"
"thinkpro laptop",2,"PC","low","thinkpro.vn/thinkpro-laptop"
"tại sao kết nối tai nghe bluetooth không nghe được trên máy tính",2,"Phụ Kiện","low","thinkpro.vn/tại-sao-kết-nối-tai-nghe-bluetooth-không-nghe-được-trên-máy-tính"
"tạo tài khoản zalo trên máy tính",6,"Phụ Kiện","low","thinkpro.vn/tạo-tài-khoản-zalo-trên-máy-tính"
"tải nhạc từ youtube về máy tính",6,"PC","low","thinkpro.vn/tải-nhạc-từ-youtube-về-máy-tính"
"tải video fb về máy tính",7,"Phụ Kiện","low","thinkpro.vn/tải-video-fb-về-máy-tính"
"tải video trên youtube",8,"Laptop","low","thinkpro.vn/tải-video-trên-youtube"
"tải video trên youtube về máy tính",7,"Laptop","low","thinkpro.vn/tải-video-trên-youtube-về-máy-tính"
"tải video từ youtube về máy",7,"Phụ Kiện","low","thinkpro.vn/tải-video-từ-youtube-về-máy"
"tải video youtube 4k",9,"PC","low","thinkpro.vn/tải-video-youtube-4k"
"tải video youtube về",8,"Phụ Kiện","low","thinkpro.vn/tải-video-youtube-về"
"tải video youtube về pc",7,"Blog","low","thinkpro.vn/tải-video-youtube-về-pc"
"tải ứng dụng về máy tính",2,"Phụ Kiện","low","thinkpro.vn/tải-ứng-dụng-về-máy-tính"
"tập đánh máy 10 ngón",8,"Blog","low","thinkpro.vn/tập-đánh-máy-10-ngón"
"tắt chế độ ngủ đông win 11",2,"Laptop","low","thinkpro.vn/tắt-chế-độ-ngủ-đông-win-11"
"tắt mcafee",2,"Phụ Kiện","low","thinkpro.vn/tắt-mcafee"
"tắt phím fn trên laptop hp",3,"Blog","low","thinkpro.vn/tắt-phím-fn-trên-laptop-hp"
"tắt đèn bàn phím cơ",2,"Phụ Kiện","low","thinkpro.vn/tắt-đèn-bàn-phím-cơ"
"x1 carbon gen 12",5,"Laptop","low","thinkpro.vn/x1-carbon-gen-12"
"x1 gen 10",3,"Phụ Kiện","low","thinkpro.vn/x1-gen-10"
"xem mật khẩu wifi trên máy tính",8,"Blog","low","thinkpro.vn/xem-mật-khẩu-wifi-trên-máy-tính"
"xiaoxin 14c",4,"Laptop","low","thinkpro.vn/xiaoxin-14c"
"xiaoxin 15c",7,"PC","low","thinkpro.vn/xiaoxin-15c"
"xiaoxin pro 14",4,"Laptop","low","thinkpro.vn/xiaoxin-pro-14"
"xiaoxin pro 14 2024",7,"PC","low","thinkpro.vn/xiaoxin-pro-14-2024"
"xiaoxin pro 14 2025",5,"PC","low","thinkpro.vn/xiaoxin-pro-14-2025"
"xiaoxin pro 16",4,"PC","low","thinkpro.vn/xiaoxin-pro-16"
"xóa bôi đen trong word",2,"Phụ Kiện","low","thinkpro.vn/xóa-bôi-đen-trong-word"
"y7000p 2025",9,"Blog","low","thinkpro.vn/y7000p-2025"
"yoga pro 7i",3,"Blog","low","thinkpro.vn/yoga-pro-7i"
"youtube pc",7,"Phụ Kiện","low","thinkpro.vn/youtube-pc"
"zephyrus g14",9,"Blog","low","thinkpro.vn/zephyrus-g14"
"đăng ký zalo trên máy tính",6,"Phụ Kiện","low","thinkpro.vn/đăng-ký-zalo-trên-máy-tính"
"đưa ứng dụng ra màn hình máy tính",3,"Blog","low","thinkpro.vn/đưa-ứng-dụng-ra-màn-hình-máy-tính"
"đổi ip sang mỹ",2,"PC","low","thinkpro.vn/đổi-ip-sang-mỹ"
"đổi tên laptop",2,"Laptop","low","thinkpro.vn/đổi-tên-laptop"
"đổi tên máy tính win 11",3,"Laptop","low","thinkpro.vn/đổi-tên-máy-tính-win-11"
"acer swift x 14",3,"Blog","high","thinkpro.vn/acer-swift-x-14"
"alienware",7,"PC","high","thinkpro.vn/alienware"
"amd ryzen 5 7235hs",2,"Blog","high","thinkpro.vn/amd-ryzen-5-7235hs"
"app chụp màn hình máy tính",5,"Blog","high","thinkpro.vn/app-chụp-màn-hình-máy-tính"
"asus driver",4,"Phụ Kiện","high","thinkpro.vn/asus-driver"
"asus rog flow x13",7,"Phụ Kiện","high","thinkpro.vn/asus-rog-flow-x13"
"asus zenbook s14",7,"Phụ Kiện","high","thinkpro.vn/asus-zenbook-s14"
"attack shark",3,"Laptop","high","thinkpro.vn/attack-shark"
"attack shark x11",7,"PC","high","thinkpro.vn/attack-shark-x11"
"aula f75 max",7,"Phụ Kiện","high","thinkpro.vn/aula-f75-max"
"aula hero 68 he",6,"Blog","high","thinkpro.vn/aula-hero-68-he"
"aula s75 pro",6,"PC","high","thinkpro.vn/aula-s75-pro"
"bluetooth 5.4",6,"Phụ Kiện","high","thinkpro.vn/bluetooth-5.4"
"bàn nâng hạ",9,"PC","high","thinkpro.vn/bàn-nâng-hạ"
"bàn phím lofree",2,"Laptop","high","thinkpro.vn/bàn-phím-lofree"
"bàn phím nuphy",2,"Phụ Kiện","high","thinkpro.vn/bàn-phím-nuphy"
"bút cảm ứng cho laptop hp",2,"Blog","high","thinkpro.vn/bút-cảm-ứng-cho-laptop-hp"
"bấm @ trên macbook",2,"Blog","high","thinkpro.vn/bấm-@-trên-macbook"
"bật quạt tản nhiệt laptop lenovo",2,"Phụ Kiện","high","thinkpro.vn/bật-quạt-tản-nhiệt-laptop-lenovo"
"card rời cho laptop",5,"Phụ Kiện","high","thinkpro.vn/card-rời-cho-laptop"
"card wifi laptop",6,"PC","high","thinkpro.vn/card-wifi-laptop"
"check ip",8,"Laptop","high","thinkpro.vn/check-ip"
"chrome os",5,"Phụ Kiện","high","thinkpro.vn/chrome-os"
"chuột keychron",2,"Blog","high","thinkpro.vn/chuột-keychron"
"chuột keychron m6",2,"Phụ Kiện","high","thinkpro.vn/chuột-keychron-m6"
"chỉnh camera laptop bị lật ảnh win 11",2,"Phụ Kiện","high","thinkpro.vn/chỉnh-camera-laptop-bị-lật-ảnh-win-11"
"chỉnh sửa ảnh trên máy tính",7,"Blog","high","thinkpro.vn/chỉnh-sửa-ảnh-trên-máy-tính"
"chỉnh thời gian tắt màn hình win 11",4,"Blog","high","thinkpro.vn/chỉnh-thời-gian-tắt-màn-hình-win-11"
"clash of clan pc",8,"Phụ Kiện","high","thinkpro.vn/clash-of-clan-pc"
"crush80",7,"Blog","high","thinkpro.vn/crush80"
"cài win 11 không cần đăng nhập",2,"PC","high","thinkpro.vn/cài-win-11-không-cần-đăng-nhập"
"cài win laptop",2,"Phụ Kiện","high","thinkpro.vn/cài-win-laptop"
"cài đặt ngày giờ win 11",2,"Phụ Kiện","high","thinkpro.vn/cài-đặt-ngày-giờ-win-11"
"cài đặt ultraviewer",4,"Blog","high","thinkpro.vn/cài-đặt-ultraviewer"
"cài đặt win 11 không cần tài khoản microsoft",2,"Phụ Kiện","high","thinkpro.vn/cài-đặt-win-11-không-cần-tài-khoản-microsoft"
"các dòng thinkpad",4,"Phụ Kiện","high","thinkpro.vn/các-dòng-thinkpad"
"các layout bàn phím cơ",1,"Phụ Kiện","high","thinkpro.vn/các-layout-bàn-phím-cơ"
"các phím f1, f2, f3 f4 không bấm được",3,"Phụ Kiện","high","thinkpro.vn/các-phím-f1,-f2,-f3-f4-không-bấm-được"
"cách bấm @ trên macbook",2,"Phụ Kiện","high","thinkpro.vn/cách-bấm-@-trên-macbook"
"cách bật card rời nvidia laptop win 11",3,"Phụ Kiện","high","thinkpro.vn/cách-bật-card-rời-nvidia-laptop-win-11"
"cách bật laptop hp",2,"Blog","high","thinkpro.vn/cách-bật-laptop-hp"
"cách bật máy tính asus",2,"Phụ Kiện","high","thinkpro.vn/cách-bật-máy-tính-asus"
"cách bật máy tính dell",3,"Phụ Kiện","high","thinkpro.vn/cách-bật-máy-tính-dell"
"cách bật nguồn máy tính hp",2,"Phụ Kiện","high","thinkpro.vn/cách-bật-nguồn-máy-tính-hp"
"cách bật quạt tản nhiệt laptop dell",2,"Phụ Kiện","high","thinkpro.vn/cách-bật-quạt-tản-nhiệt-laptop-dell"
"cách bật quạt tản nhiệt laptop lenovo",2,"Blog","high","thinkpro.vn/cách-bật-quạt-tản-nhiệt-laptop-lenovo"
"cách bật turbo boost cpu",1,"Blog","high","thinkpro.vn/cách-bật-turbo-boost-cpu"
"cách bật tắt phím chức năng fn + f1 f2 f3 ... f12 trên laptop win 11",1,"Phụ Kiện","high","thinkpro.vn/cách-bật-tắt-phím-chức-năng-fn-+-f1-f2-f3-...-f12-trên-laptop-win-11"
"cách bỏ bôi đen trong word",2,"Phụ Kiện","high","thinkpro.vn/cách-bỏ-bôi-đen-trong-word"
"cách chuyển phím fn trên laptop",1,"Blog","high","thinkpro.vn/cách-chuyển-phím-fn-trên-laptop"
"cách chơi game trên máy tính",5,"Blog","high","thinkpro.vn/cách-chơi-game-trên-máy-tính"
"cách chơi tft trên pc",2,"PC","high","thinkpro.vn/cách-chơi-tft-trên-pc"
"cách chỉnh camera laptop không bị lật ảnh",2,"Phụ Kiện","high","thinkpro.vn/cách-chỉnh-camera-laptop-không-bị-lật-ảnh"
"cách chỉnh hình nền máy tính",4,"Phụ Kiện","high","thinkpro.vn/cách-chỉnh-hình-nền-máy-tính"
"cách chỉnh thời gian sáng màn hình laptop win 11",2,"Laptop","high","thinkpro.vn/cách-chỉnh-thời-gian-sáng-màn-hình-laptop-win-11"
"cách chỉnh ảnh trên máy tính",3,"Laptop","high","thinkpro.vn/cách-chỉnh-ảnh-trên-máy-tính"
"cách cài hình nền laptop nét",2,"Phụ Kiện","high","thinkpro.vn/cách-cài-hình-nền-laptop-nét"
"cách cài hình nền máy tính không bị mờ",2,"Phụ Kiện","high","thinkpro.vn/cách-cài-hình-nền-máy-tính-không-bị-mờ"
"cách cài wifi cho laptop dell",3,"Blog","high","thinkpro.vn/cách-cài-wifi-cho-laptop-dell"
"cách cài win 11 không cần tài khoản microsoft",2,"Phụ Kiện","high","thinkpro.vn/cách-cài-win-11-không-cần-tài-khoản-microsoft"
"cách dùng các phím f trên laptop",1,"Phụ Kiện","high","thinkpro.vn/cách-dùng-các-phím-f-trên-laptop"
"cách edit video trên máy tính",4,"Blog","high","thinkpro.vn/cách-edit-video-trên-máy-tính"
"cách ghi pinyin trên máy tính",2,"Phụ Kiện","high","thinkpro.vn/cách-ghi-pinyin-trên-máy-tính"
"cách gõ chữ pinyin có dấu trên máy tính",2,"Blog","high","thinkpro.vn/cách-gõ-chữ-pinyin-có-dấu-trên-máy-tính"
"cách gõ pinyin trên máy tính",2,"Laptop","high","thinkpro.vn/cách-gõ-pinyin-trên-máy-tính"
"cách gõ pinyin trên máy tính win 10",2,"Blog","high","thinkpro.vn/cách-gõ-pinyin-trên-máy-tính-win-10"
"cách gõ được ký tự @ # $ ^ & * ( ) trên laptop",2,"PC","high","thinkpro.vn/cách-gõ-được-ký-tự-@-#-$-^-&-*-(-)-trên-laptop"
"cách gõ được ký tự @ # $ ^ & * ( ) trên laptop lenovo",1,"Phụ Kiện","high","thinkpro.vn/cách-gõ-được-ký-tự-@-#-$-^-&-*-(-)-trên-laptop-lenovo"
"cách gõ được ký tự @ # $ ^ & * ( ) win 7",2,"Phụ Kiện","high","thinkpro.vn/cách-gõ-được-ký-tự-@-#-$-^-&-*-(-)-win-7"
"cách gập màn hình laptop mà không tắt máy",2,"Blog","high","thinkpro.vn/cách-gập-màn-hình-laptop-mà-không-tắt-máy"
"cách gửi file word qua messenger trên máy tính",3,"Phụ Kiện","high","thinkpro.vn/cách-gửi-file-word-qua-messenger-trên-máy-tính"
"cách hiện pinyin trong excel",3,"Blog","high","thinkpro.vn/cách-hiện-pinyin-trong-excel"
"cách khởi động lại máy tính dell",2,"Blog","high","thinkpro.vn/cách-khởi-động-lại-máy-tính-dell"
"cách kiểm tra cổng hdmi trên laptop",2,"Phụ Kiện","high","thinkpro.vn/cách-kiểm-tra-cổng-hdmi-trên-laptop"
"cách kết nối chuột bluetooth logitech với laptop",2,"Phụ Kiện","high","thinkpro.vn/cách-kết-nối-chuột-bluetooth-logitech-với-laptop"
"cách kết nối ps4 với laptop",1,"Blog","high","thinkpro.vn/cách-kết-nối-ps4-với-laptop"
"cách kết nối wifi cho laptop dell",4,"Blog","high","thinkpro.vn/cách-kết-nối-wifi-cho-laptop-dell"
"cách làm wifi mạnh hơn cho laptop",3,"Blog","high","thinkpro.vn/cách-làm-wifi-mạnh-hơn-cho-laptop"
"cách lưu video trên youtube về máy tính",5,"Phụ Kiện","high","thinkpro.vn/cách-lưu-video-trên-youtube-về-máy-tính"
"cách mở khóa laptop khi quên mật khẩu",3,"Blog","high","thinkpro.vn/cách-mở-khóa-laptop-khi-quên-mật-khẩu"
"cách mở laptop asus",2,"Phụ Kiện","high","thinkpro.vn/cách-mở-laptop-asus"
"cách mở laptop hp đúng cách",2,"Phụ Kiện","high","thinkpro.vn/cách-mở-laptop-hp-đúng-cách"
"cách mở laptop khi quên mật khẩu",2,"Phụ Kiện","high","thinkpro.vn/cách-mở-laptop-khi-quên-mật-khẩu"
"cách mở máy hp",2,"Phụ Kiện","high","thinkpro.vn/cách-mở-máy-hp"
"cách mở máy tính hp",2,"Laptop","high","thinkpro.vn/cách-mở-máy-tính-hp"
"cách mở nguồn máy tính hp",1,"Phụ Kiện","high","thinkpro.vn/cách-mở-nguồn-máy-tính-hp"
"cách reset lại laptop dell",2,"Blog","high","thinkpro.vn/cách-reset-lại-laptop-dell"
"cách reset máy tính dell",2,"Phụ Kiện","high","thinkpro.vn/cách-reset-máy-tính-dell"
"cách sạc pin laptop mới mua",2,"Phụ Kiện","high","thinkpro.vn/cách-sạc-pin-laptop-mới-mua"
"cách sử dụng các phím f trên laptop",1,"Blog","high","thinkpro.vn/cách-sử-dụng-các-phím-f-trên-laptop"
"cách sử dụng microsoft 365 miễn phí",3,"Phụ Kiện","high","thinkpro.vn/cách-sử-dụng-microsoft-365-miễn-phí"
"cách test hiệu năng laptop",2,"Phụ Kiện","high","thinkpro.vn/cách-test-hiệu-năng-laptop"
"cách tháo pin laptop dell",2,"Blog","high","thinkpro.vn/cách-tháo-pin-laptop-dell"
"cách thêm ứng dụng vào màn hình chính trên laptop",2,"PC","high","thinkpro.vn/cách-thêm-ứng-dụng-vào-màn-hình-chính-trên-laptop"
"cách tải audition",4,"Blog","high","thinkpro.vn/cách-tải-audition"
"cách tải duolingo trên máy tính",2,"PC","high","thinkpro.vn/cách-tải-duolingo-trên-máy-tính"
"cách tải game trên laptop",4,"PC","high","thinkpro.vn/cách-tải-game-trên-laptop"
"cách tải game trên laptop dell",2,"PC","high","thinkpro.vn/cách-tải-game-trên-laptop-dell"
"cách tải minecraft pc",7,"Blog","high","thinkpro.vn/cách-tải-minecraft-pc"
"cách tải minecraft trên máy tính",6,"PC","high","thinkpro.vn/cách-tải-minecraft-trên-máy-tính"
"cách tải minecraft trên máy tính miễn phí",6,"Phụ Kiện","high","thinkpro.vn/cách-tải-minecraft-trên-máy-tính-miễn-phí"
"cách tải pdf về máy tính",2,"PC","high","thinkpro.vn/cách-tải-pdf-về-máy-tính"
"cách tải play together trên máy tính",7,"Phụ Kiện","high","thinkpro.vn/cách-tải-play-together-trên-máy-tính"
"cách tải tft pc",3,"Phụ Kiện","high","thinkpro.vn/cách-tải-tft-pc"
"cách tải tft trên pc",3,"Laptop","high","thinkpro.vn/cách-tải-tft-trên-pc"
"cách tải video trên facebook về máy tính",5,"Blog","high","thinkpro.vn/cách-tải-video-trên-facebook-về-máy-tính"
"cách tải video trên youtube",7,"Laptop","high","thinkpro.vn/cách-tải-video-trên-youtube"
"cách tải video trên youtube về laptop",4,"Blog","high","thinkpro.vn/cách-tải-video-trên-youtube-về-laptop"
"cách tải video từ youtube",7,"Laptop","high","thinkpro.vn/cách-tải-video-từ-youtube"
"cách tải video về máy tính",6,"Phụ Kiện","high","thinkpro.vn/cách-tải-video-về-máy-tính"
"cách tải video youtube về máy tính",6,"PC","high","thinkpro.vn/cách-tải-video-youtube-về-máy-tính"
"cách tải đấu trường chân lý pc",5,"Blog","high","thinkpro.vn/cách-tải-đấu-trường-chân-lý-pc"
"cách tải ứng dụng trên laptop",2,"Laptop","high","thinkpro.vn/cách-tải-ứng-dụng-trên-laptop"
"cách tải ứng dụng về máy laptop",2,"PC","high","thinkpro.vn/cách-tải-ứng-dụng-về-máy-laptop"
"cách tắt hẳn laptop",2,"PC","high","thinkpro.vn/cách-tắt-hẳn-laptop"
"cách tắt hẳn máy tính",2,"Phụ Kiện","high","thinkpro.vn/cách-tắt-hẳn-máy-tính"
"cách tắt laptop dell",2,"Phụ Kiện","high","thinkpro.vn/cách-tắt-laptop-dell"
"cách tắt laptop đúng",2,"Phụ Kiện","high","thinkpro.vn/cách-tắt-laptop-đúng"
"cách tắt màn hình laptop",5,"Blog","high","thinkpro.vn/cách-tắt-màn-hình-laptop"
"cách tắt màn hình laptop mà máy vẫn chạy win 11",2,"Phụ Kiện","high","thinkpro.vn/cách-tắt-màn-hình-laptop-mà-máy-vẫn-chạy-win-11"
"cách tắt máy tính dell",2,"PC","high","thinkpro.vn/cách-tắt-máy-tính-dell"
"cách tắt máy tính không bị chạy ngầm",2,"Phụ Kiện","high","thinkpro.vn/cách-tắt-máy-tính-không-bị-chạy-ngầm"
"cách tắt nguồn laptop",3,"Phụ Kiện","high","thinkpro.vn/cách-tắt-nguồn-laptop"
"cách tắt phím fn trên laptop hp",3,"Phụ Kiện","high","thinkpro.vn/cách-tắt-phím-fn-trên-laptop-hp"
"cách tắt phím fn trên win 11",2,"Phụ Kiện","high","thinkpro.vn/cách-tắt-phím-fn-trên-win-11"
"cách tắt tiếng youtube trên điện thoại iphone",2,"Phụ Kiện","high","thinkpro.vn/cách-tắt-tiếng-youtube-trên-điện-thoại-iphone"
"cách tắt zalo tự động bật",2,"Phụ Kiện","high","thinkpro.vn/cách-tắt-zalo-tự-động-bật"
"cách tắt đèn bàn phím cơ",2,"Phụ Kiện","high","thinkpro.vn/cách-tắt-đèn-bàn-phím-cơ"
"cách viết dấu pinyin trên máy tính",2,"Blog","high","thinkpro.vn/cách-viết-dấu-pinyin-trên-máy-tính"
"cách xoá file trên pc",3,"Phụ Kiện","high","thinkpro.vn/cách-xoá-file-trên-pc"
"cách đánh chữ pinyin trên máy tính",2,"Phụ Kiện","high","thinkpro.vn/cách-đánh-chữ-pinyin-trên-máy-tính"
"cách đăng nhập tài khoản microsoft trên win 11",2,"Phụ Kiện","high","thinkpro.vn/cách-đăng-nhập-tài-khoản-microsoft-trên-win-11"
"cách đăng xuất outlook trên máy tính",4,"Blog","high","thinkpro.vn/cách-đăng-xuất-outlook-trên-máy-tính"
"cách đưa facebook ra màn hình máy tính",2,"Blog","high","thinkpro.vn/cách-đưa-facebook-ra-màn-hình-máy-tính"
"cách đưa ứng dụng ra màn hình chính",4,"Phụ Kiện","high","thinkpro.vn/cách-đưa-ứng-dụng-ra-màn-hình-chính"
"cách đưa ứng dụng ra màn hình máy tính",3,"PC","high","thinkpro.vn/cách-đưa-ứng-dụng-ra-màn-hình-máy-tính"
"cách đặt hình nền máy tính không bị mờ",2,"Laptop","high","thinkpro.vn/cách-đặt-hình-nền-máy-tính-không-bị-mờ"
"cách đặt mật khẩu cho messenger trên samsung",3,"Phụ Kiện","high","thinkpro.vn/cách-đặt-mật-khẩu-cho-messenger-trên-samsung"
"cách để hình nền máy tính không bị mờ win 11",2,"PC","high","thinkpro.vn/cách-để-hình-nền-máy-tính-không-bị-mờ-win-11"
"cách để ứng dụng ra màn hình chính laptop",2,"Blog","high","thinkpro.vn/cách-để-ứng-dụng-ra-màn-hình-chính-laptop"
"cách đổi màu bàn phím laptop",3,"Blog","high","thinkpro.vn/cách-đổi-màu-bàn-phím-laptop"
"cách đổi tên laptop win 11",2,"Phụ Kiện","high","thinkpro.vn/cách-đổi-tên-laptop-win-11"
"cách ấn @ trên macbook",2,"Phụ Kiện","high","thinkpro.vn/cách-ấn-@-trên-macbook"
"có nên dán màn hình laptop",3,"Phụ Kiện","high","thinkpro.vn/có-nên-dán-màn-hình-laptop"
"có nên mua laptop nhật cũ",2,"Phụ Kiện","high","thinkpro.vn/có-nên-mua-laptop-nhật-cũ"
"dell 14 premium",4,"Phụ Kiện","high","thinkpro.vn/dell-14-premium"
"dell 5300",8,"Phụ Kiện","high","thinkpro.vn/dell-5300"
"dell 5445",8,"Phụ Kiện","high","thinkpro.vn/dell-5445"
"dell 5550",9,"Phụ Kiện","high","thinkpro.vn/dell-5550"
"dell 7320 detachable",10,"PC","high","thinkpro.vn/dell-7320-detachable"
"dell 7420",8,"Blog","high","thinkpro.vn/dell-7420"
"dell 7430",6,"PC","high","thinkpro.vn/dell-7430"
"dell 7430 plus",4,"Phụ Kiện","high","thinkpro.vn/dell-7430-plus"
"dell 7445",7,"Phụ Kiện","high","thinkpro.vn/dell-7445"
"dell 7630 plus",4,"Phụ Kiện","high","thinkpro.vn/dell-7630-plus"
"dell 7640",4,"Blog","high","thinkpro.vn/dell-7640"
"dell 9320",7,"Phụ Kiện","high","thinkpro.vn/dell-9320"
"dell 9420",8,"Blog","high","thinkpro.vn/dell-9420"
"dell alienware m16",3,"Phụ Kiện","high","thinkpro.vn/dell-alienware-m16"
"dell inspiron 14 5430",7,"Phụ Kiện","high","thinkpro.vn/dell-inspiron-14-5430"
"dell inspiron 14 5445",8,"Phụ Kiện","high","thinkpro.vn/dell-inspiron-14-5445"
"dell inspiron 14 plus",5,"Phụ Kiện","high","thinkpro.vn/dell-inspiron-14-plus"
"dell inspiron 14 plus 7430",4,"Laptop","high","thinkpro.vn/dell-inspiron-14-plus-7430"
"dell inspiron 16",7,"Blog","high","thinkpro.vn/dell-inspiron-16"
"dell inspiron 5310",9,"PC","high","thinkpro.vn/dell-inspiron-5310"
"dell inspiron 5310 i7",5,"Blog","high","thinkpro.vn/dell-inspiron-5310-i7"
"dell inspiron 5425",5,"Blog","high","thinkpro.vn/dell-inspiron-5425"
"dell inspiron 5430",6,"Laptop","high","thinkpro.vn/dell-inspiron-5430"
"dell inspiron 5445 ryzen 7",5,"Blog","high","thinkpro.vn/dell-inspiron-5445-ryzen-7"
"dell inspiron 7440 plus",5,"PC","high","thinkpro.vn/dell-inspiron-7440-plus"
"dell inspiron 7445",7,"Phụ Kiện","high","thinkpro.vn/dell-inspiron-7445"
"dell inspiron 7610",6,"Phụ Kiện","high","thinkpro.vn/dell-inspiron-7610"
"dell inspiron 7640",6,"Phụ Kiện","high","thinkpro.vn/dell-inspiron-7640"
"dell latitude 5300",3,"Laptop","high","thinkpro.vn/dell-latitude-5300"
"dell latitude 5500 sản xuất năm nào",3,"Blog","high","thinkpro.vn/dell-latitude-5500-sản-xuất-năm-nào"
"dell latitude 7320 2-in-1",7,"Phụ Kiện","high","thinkpro.vn/dell-latitude-7320-2-in-1"
"dell latitude 7320 detachable",8,"Laptop","high","thinkpro.vn/dell-latitude-7320-detachable"
"dell latitude 7320 detachable (kèm bàn phím)",2,"Blog","high","thinkpro.vn/dell-latitude-7320-detachable-(kèm-bàn-phím)"
"dell latitude 7400 i7-8665u sản xuất năm nào",3,"PC","high","thinkpro.vn/dell-latitude-7400-i7-8665u-sản-xuất-năm-nào"
"dell latitude 7420",7,"Laptop","high","thinkpro.vn/dell-latitude-7420"
"dell latitude 7420 i7-1185g7 sản xuất năm nào",4,"Blog","high","thinkpro.vn/dell-latitude-7420-i7-1185g7-sản-xuất-năm-nào"
"dell latitude 7430",5,"Laptop","high","thinkpro.vn/dell-latitude-7430"
"dell latitude 9420 2-in-1",6,"Phụ Kiện","high","thinkpro.vn/dell-latitude-9420-2-in-1"
"dell latitude 9430",7,"Phụ Kiện","high","thinkpro.vn/dell-latitude-9430"
"dell precision 3480",4,"Phụ Kiện","high","thinkpro.vn/dell-precision-3480"
"dell precision 5480",5,"Laptop","high","thinkpro.vn/dell-precision-5480"
"dell precision 5490",4,"PC","high","thinkpro.vn/dell-precision-5490"
"dell precision 5550 sản xuất năm nào",3,"Blog","high","thinkpro.vn/dell-precision-5550-sản-xuất-năm-nào"
"dell precision 5560",9,"Laptop","high","thinkpro.vn/dell-precision-5560"
"dell precision 5580",5,"PC","high","thinkpro.vn/dell-precision-5580"
"dell precision 7550 sản xuất năm nào",3,"PC","high","thinkpro.vn/dell-precision-7550-sản-xuất-năm-nào"
"dell precision 7670",9,"Phụ Kiện","high","thinkpro.vn/dell-precision-7670"
"dell precision 7780",8,"Blog","high","thinkpro.vn/dell-precision-7780"
"dell pro",5,"PC","high","thinkpro.vn/dell-pro"
"dell pro 14 plus",6,"Blog","high","thinkpro.vn/dell-pro-14-plus"
"dell pro max",5,"PC","high","thinkpro.vn/dell-pro-max"
"dell xps",10,"Laptop","high","thinkpro.vn/dell-xps"
"dell xps 13 2-in-1",9,"Blog","high","thinkpro.vn/dell-xps-13-2-in-1"
"dell xps 13 2025",4,"PC","high","thinkpro.vn/dell-xps-13-2025"
"dell xps 13 9320",8,"PC","high","thinkpro.vn/dell-xps-13-9320"
"dell xps 13 9350",11,"Laptop","high","thinkpro.vn/dell-xps-13-9350"
"dell xps 13 9350 (2025)",2,"Phụ Kiện","high","thinkpro.vn/dell-xps-13-9350-(2025)"
"dell xps 13 plus 9320",16,"Phụ Kiện","high","thinkpro.vn/dell-xps-13-plus-9320"
"dell xps 15",10,"Laptop","high","thinkpro.vn/dell-xps-15"
"dell xps 15 9510",9,"Blog","high","thinkpro.vn/dell-xps-15-9510"
"dell xps 15 9530",6,"Laptop","high","thinkpro.vn/dell-xps-15-9530"
"dell xps 16",3,"Laptop","high","thinkpro.vn/dell-xps-16"
"dell xps 16 9640",3,"Phụ Kiện","high","thinkpro.vn/dell-xps-16-9640"
"dell xps 7390",8,"Phụ Kiện","high","thinkpro.vn/dell-xps-7390"
"dell xps 9310",9,"Phụ Kiện","high","thinkpro.vn/dell-xps-9310"
"dell xps 9315 2 in-1",2,"Phụ Kiện","high","thinkpro.vn/dell-xps-9315-2-in-1"
"dell xps 9315 2-in-1",3,"Phụ Kiện","high","thinkpro.vn/dell-xps-9315-2-in-1"
"dell xps 9320",5,"Laptop","high","thinkpro.vn/dell-xps-9320"
"dell xps 9340",4,"PC","high","thinkpro.vn/dell-xps-9340"
"dell xps 9345",7,"Phụ Kiện","high","thinkpro.vn/dell-xps-9345"
"dell xps 9350 2025",2,"Blog","high","thinkpro.vn/dell-xps-9350-2025"
"dell xps 9440",4,"Phụ Kiện","high","thinkpro.vn/dell-xps-9440"
"dell xps 9530",4,"Laptop","high","thinkpro.vn/dell-xps-9530"
"dell xps thinkpro",1,"Blog","high","thinkpro.vn/dell-xps-thinkpro"
"download youtube",9,"PC","high","thinkpro.vn/download-youtube"
"driver bluetooth win 11",4,"Phụ Kiện","high","thinkpro.vn/driver-bluetooth-win-11"
"driver dell",4,"Blog","high","thinkpro.vn/driver-dell"
"dung lượng pin laptop",2,"Phụ Kiện","high","thinkpro.vn/dung-lượng-pin-laptop"
"dọn dẹp win 11 sau khi update",2,"Blog","high","thinkpro.vn/dọn-dẹp-win-11-sau-khi-update"
"dọn rác laptop win 11",2,"Phụ Kiện","high","thinkpro.vn/dọn-rác-laptop-win-11"
"dọn rác win 11",3,"Laptop","high","thinkpro.vn/dọn-rác-win-11"
"ez63",5,"PC","high","thinkpro.vn/ez63"
"gia lap",5,"Laptop","high","thinkpro.vn/gia-lap"
"giả lập android",6,"Laptop","high","thinkpro.vn/giả-lập-android"
"giả lập android trên pc",7,"Blog","high","thinkpro.vn/giả-lập-android-trên-pc"
"giả lập nhẹ nhất 2025",2,"Phụ Kiện","high","thinkpro.vn/giả-lập-nhẹ-nhất-2025"
"giả lập nintendo switch",2,"Laptop","high","thinkpro.vn/giả-lập-nintendo-switch"
"giả lập nintendo switch trên pc",2,"Phụ Kiện","high","thinkpro.vn/giả-lập-nintendo-switch-trên-pc"
"giả lập pc",10,"Blog","high","thinkpro.vn/giả-lập-pc"
"giả lập switch",2,"Phụ Kiện","high","thinkpro.vn/giả-lập-switch"
"giả lập yuzu",2,"Phụ Kiện","high","thinkpro.vn/giả-lập-yuzu"
"giới hạn pin laptop",3,"Phụ Kiện","high","thinkpro.vn/giới-hạn-pin-laptop"
"giới hạn sạc pin laptop",2,"Blog","high","thinkpro.vn/giới-hạn-sạc-pin-laptop"
"gõ pinyin trên máy tính",2,"PC","high","thinkpro.vn/gõ-pinyin-trên-máy-tính"
"gõ tiếng trung hiện pinyin trên máy tính",3,"Laptop","high","thinkpro.vn/gõ-tiếng-trung-hiện-pinyin-trên-máy-tính"
"hibernate win 11",3,"Blog","high","thinkpro.vn/hibernate-win-11"
"hp omen 16 2025",6,"Phụ Kiện","high","thinkpro.vn/hp-omen-16-2025"
"hp pavilion plus 14",12,"Phụ Kiện","high","thinkpro.vn/hp-pavilion-plus-14"
"hình nền laptop bị mờ",2,"Phụ Kiện","high","thinkpro.vn/hình-nền-laptop-bị-mờ"
"hẹn giờ bật máy tính",2,"Phụ Kiện","high","thinkpro.vn/hẹn-giờ-bật-máy-tính"
"hẹn giờ mở máy tính",2,"Phụ Kiện","high","thinkpro.vn/hẹn-giờ-mở-máy-tính"
"i5 12450hx",4,"Blog","high","thinkpro.vn/i5-12450hx"
"ios 16 beta download",7,"Blog","high","thinkpro.vn/ios-16-beta-download"
"james donkey a3",3,"Blog","high","thinkpro.vn/james-donkey-a3"
"jamesdonkey a3",2,"Phụ Kiện","high","thinkpro.vn/jamesdonkey-a3"
"keychron k2 he",3,"Blog","high","thinkpro.vn/keychron-k2-he"
"keychron m6",2,"Laptop","high","thinkpro.vn/keychron-m6"
"ki tu pc",4,"Phụ Kiện","high","thinkpro.vn/ki-tu-pc"
"kiểm tra cổng hdmi trên laptop",2,"Blog","high","thinkpro.vn/kiểm-tra-cổng-hdmi-trên-laptop"
"kiểm tra năm sản xuất của laptop",2,"Phụ Kiện","high","thinkpro.vn/kiểm-tra-năm-sản-xuất-của-laptop"
"kiểm tra năm sản xuất laptop",2,"Phụ Kiện","high","thinkpro.vn/kiểm-tra-năm-sản-xuất-laptop"
"kiểm tra pin laptop",6,"Blog","high","thinkpro.vn/kiểm-tra-pin-laptop"
"kiểm tra pin laptop win 11",2,"Blog","high","thinkpro.vn/kiểm-tra-pin-laptop-win-11"
"kính ar",3,"Phụ Kiện","high","thinkpro.vn/kính-ar"
"kết nối 2 laptop bằng hdmi",1,"Phụ Kiện","high","thinkpro.vn/kết-nối-2-laptop-bằng-hdmi"
"kết nối laptop với màn hình qua hdmi",3,"Blog","high","thinkpro.vn/kết-nối-laptop-với-màn-hình-qua-hdmi"
"laptop 11 inch",15,"Laptop","high","thinkpro.vn/laptop-11-inch"
"laptop 13 inch",8,"Phụ Kiện","high","thinkpro.vn/laptop-13-inch"
"laptop 17 inch",8,"Blog","high","thinkpro.vn/laptop-17-inch"
"laptop 2 in 1",6,"PC","high","thinkpro.vn/laptop-2-in-1"
"laptop asus driver",3,"Phụ Kiện","high","thinkpro.vn/laptop-asus-driver"
"laptop bật nguồn sáng đèn 1 giây rồi tắt",2,"Phụ Kiện","high","thinkpro.vn/laptop-bật-nguồn-sáng-đèn-1-giây-rồi-tắt"
"laptop bắt mạng kém",2,"Phụ Kiện","high","thinkpro.vn/laptop-bắt-mạng-kém"
"laptop bắt wifi yếu",2,"Phụ Kiện","high","thinkpro.vn/laptop-bắt-wifi-yếu"
"laptop dell latitude 7430",3,"Blog","high","thinkpro.vn/laptop-dell-latitude-7430"
"laptop dell xps 9320",2,"Phụ Kiện","high","thinkpro.vn/laptop-dell-xps-9320"
"laptop không kết nối hdmi được với tivi",3,"Phụ Kiện","high","thinkpro.vn/laptop-không-kết-nối-hdmi-được-với-tivi"
"laptop không tìm thấy wifi",2,"Laptop","high","thinkpro.vn/laptop-không-tìm-thấy-wifi"
"laptop không tìm thấy wifi nhà mình",2,"PC","high","thinkpro.vn/laptop-không-tìm-thấy-wifi-nhà-mình"
"laptop không tìm được wifi",3,"Phụ Kiện","high","thinkpro.vn/laptop-không-tìm-được-wifi"
"laptop khởi động chậm",3,"Phụ Kiện","high","thinkpro.vn/laptop-khởi-động-chậm"
"laptop kết nối wifi yếu",2,"Phụ Kiện","high","thinkpro.vn/laptop-kết-nối-wifi-yếu"
"laptop lenovo có tốt không",3,"Blog","high","thinkpro.vn/laptop-lenovo-có-tốt-không"
"laptop lenovo thinkpad x1",5,"Blog","high","thinkpro.vn/laptop-lenovo-thinkpad-x1"
"laptop lenovo thinkpad x1 carbon gen 10",2,"Phụ Kiện","high","thinkpro.vn/laptop-lenovo-thinkpad-x1-carbon-gen-10"
"laptop like new",7,"Phụ Kiện","high","thinkpro.vn/laptop-like-new"
"laptop mini",8,"Laptop","high","thinkpro.vn/laptop-mini"
"laptop mini 7 inch",6,"PC","high","thinkpro.vn/laptop-mini-7-inch"
"laptop mới mua nên sạc như thế nào",2,"Blog","high","thinkpro.vn/laptop-mới-mua-nên-sạc-như-thế-nào"
"laptop mới mua nên sạc pin như the nào",2,"Phụ Kiện","high","thinkpro.vn/laptop-mới-mua-nên-sạc-pin-như-the-nào"
"laptop nhẹ dưới 1kg",3,"Phụ Kiện","high","thinkpro.vn/laptop-nhẹ-dưới-1kg"
"laptop thinkpad t14",3,"Blog","high","thinkpro.vn/laptop-thinkpad-t14"
"laptop thinkpro",1,"PC","high","thinkpro.vn/laptop-thinkpro"
"laptop vỏ nhôm",2,"Blog","high","thinkpro.vn/laptop-vỏ-nhôm"
"laptop workstation",6,"PC","high","thinkpro.vn/laptop-workstation"
"legion 5 2022",5,"Blog","high","thinkpro.vn/legion-5-2022"
"legion 5 2024",8,"Blog","high","thinkpro.vn/legion-5-2024"
"legion 5i",4,"PC","high","thinkpro.vn/legion-5i"
"legion 7 2023",3,"Phụ Kiện","high","thinkpro.vn/legion-7-2023"
"legion pro 5i",3,"PC","high","thinkpro.vn/legion-pro-5i"
"legion slim 5",7,"Blog","high","thinkpro.vn/legion-slim-5"
"legion slim 7",3,"Laptop","high","thinkpro.vn/legion-slim-7"
"lenovo flex 7",10,"Phụ Kiện","high","thinkpro.vn/lenovo-flex-7"
"lenovo ideapad pro 5 16ahp9",3,"Phụ Kiện","high","thinkpro.vn/lenovo-ideapad-pro-5-16ahp9"
"lenovo lecoo pro 14 2025",16,"Phụ Kiện","high","thinkpro.vn/lenovo-lecoo-pro-14-2025"
"lenovo legion go",8,"Phụ Kiện","high","thinkpro.vn/lenovo-legion-go"
"lenovo legion pro 5i",3,"Phụ Kiện","high","thinkpro.vn/lenovo-legion-pro-5i"
"lenovo legion pro 7i",4,"Phụ Kiện","high","thinkpro.vn/lenovo-legion-pro-7i"
"lenovo legion slim",5,"Blog","high","thinkpro.vn/lenovo-legion-slim"
"lenovo legion slim 5",6,"PC","high","thinkpro.vn/lenovo-legion-slim-5"
"lenovo legion slim 7",2,"Laptop","high","thinkpro.vn/lenovo-legion-slim-7"
"lenovo p1 gen 4",19,"Phụ Kiện","high","thinkpro.vn/lenovo-p1-gen-4"
"lenovo slim 7",4,"Laptop","high","thinkpro.vn/lenovo-slim-7"
"lenovo slim 7 pro",6,"Blog","high","thinkpro.vn/lenovo-slim-7-pro"
"lenovo slim 7 pro x",8,"Laptop","high","thinkpro.vn/lenovo-slim-7-pro-x"
"lenovo slim 7 prox",2,"Phụ Kiện","high","thinkpro.vn/lenovo-slim-7-prox"
"lenovo slim 7i",3,"Phụ Kiện","high","thinkpro.vn/lenovo-slim-7i"
"lenovo slim pro 9",4,"Phụ Kiện","high","thinkpro.vn/lenovo-slim-pro-9"
"lenovo slim pro 9i",6,"Laptop","high","thinkpro.vn/lenovo-slim-pro-9i"
"lenovo t14",24,"Blog","high","thinkpro.vn/lenovo-t14"
"lenovo t14s",13,"Phụ Kiện","high","thinkpro.vn/lenovo-t14s"
"lenovo thinkbook 14 g8",4,"Phụ Kiện","high","thinkpro.vn/lenovo-thinkbook-14-g8"
"lenovo thinkpad p1",20,"Laptop","high","thinkpro.vn/lenovo-thinkpad-p1"
"lenovo thinkpad p1 gen 3",6,"Laptop","high","thinkpro.vn/lenovo-thinkpad-p1-gen-3"
"lenovo thinkpad p1 gen 4",7,"Laptop","high","thinkpro.vn/lenovo-thinkpad-p1-gen-4"
"lenovo thinkpad p1 gen 6",14,"Phụ Kiện","high","thinkpro.vn/lenovo-thinkpad-p1-gen-6"
"lenovo thinkpad p1 gen 8",6,"Phụ Kiện","high","thinkpro.vn/lenovo-thinkpad-p1-gen-8"
"lenovo thinkpad p1 gen4",2,"Blog","high","thinkpro.vn/lenovo-thinkpad-p1-gen4"
"lenovo thinkpad p15",30,"Phụ Kiện","high","thinkpro.vn/lenovo-thinkpad-p15"
"lenovo thinkpad p15 gen 1",15,"Phụ Kiện","high","thinkpro.vn/lenovo-thinkpad-p15-gen-1"
"lenovo thinkpad p15 gen 2",9,"Phụ Kiện","high","thinkpro.vn/lenovo-thinkpad-p15-gen-2"
"lenovo thinkpad p16",15,"PC","high","thinkpro.vn/lenovo-thinkpad-p16"
"lenovo thinkpad p16s gen 2",4,"Blog","high","thinkpro.vn/lenovo-thinkpad-p16s-gen-2"
"lenovo thinkpad t14 gen 2",14,"Phụ Kiện","high","thinkpro.vn/lenovo-thinkpad-t14-gen-2"
"lenovo thinkpad t14s gen 3",4,"PC","high","thinkpro.vn/lenovo-thinkpad-t14s-gen-3"
"lenovo thinkpad t14s gen 6",7,"Phụ Kiện","high","thinkpro.vn/lenovo-thinkpad-t14s-gen-6"
"lenovo thinkpad x1",5,"Laptop","high","thinkpro.vn/lenovo-thinkpad-x1"
"lenovo thinkpad x1 carbon gen 12",8,"Laptop","high","thinkpro.vn/lenovo-thinkpad-x1-carbon-gen-12"
"lenovo thinkpad x1 carbon gen 8",9,"Laptop","high","thinkpro.vn/lenovo-thinkpad-x1-carbon-gen-8"
"lenovo thinkpad x1 carbon gen 9",5,"Laptop","high","thinkpro.vn/lenovo-thinkpad-x1-carbon-gen-9"
"lenovo thinkpad x1 carbon gen9",22,"Blog","high","thinkpro.vn/lenovo-thinkpad-x1-carbon-gen9"
"lenovo thinkpad x1 extreme gen 2",10,"PC","high","thinkpro.vn/lenovo-thinkpad-x1-extreme-gen-2"
"lenovo thinkpad x1 extreme gen 3",10,"PC","high","thinkpro.vn/lenovo-thinkpad-x1-extreme-gen-3"
"lenovo thinkpad x1 extreme gen 4",18,"Phụ Kiện","high","thinkpro.vn/lenovo-thinkpad-x1-extreme-gen-4"
"lenovo thinkpad x1 gen 9",3,"Phụ Kiện","high","thinkpro.vn/lenovo-thinkpad-x1-gen-9"
"lenovo thinkpad x12",14,"PC","high","thinkpro.vn/lenovo-thinkpad-x12"
"lenovo x1 carbon",12,"Laptop","high","thinkpro.vn/lenovo-x1-carbon"
"lenovo x1 carbon gen 8",4,"Phụ Kiện","high","thinkpro.vn/lenovo-x1-carbon-gen-8"
"lenovo x1 carbon gen 9",6,"PC","high","thinkpro.vn/lenovo-x1-carbon-gen-9"
"lenovo xiaoxin 14c",3,"Laptop","high","thinkpro.vn/lenovo-xiaoxin-14c"
"lenovo xiaoxin 15c",6,"PC","high","thinkpro.vn/lenovo-xiaoxin-15c"
"lenovo xiaoxin laptop",2,"Blog","high","thinkpro.vn/lenovo-xiaoxin-laptop"
"lenovo xiaoxin pro 14c",4,"PC","high","thinkpro.vn/lenovo-xiaoxin-pro-14c"
"lenovo xiaoxin pro 16",2,"Laptop","high","thinkpro.vn/lenovo-xiaoxin-pro-16"
"lenovo yoga 9i",5,"PC","high","thinkpro.vn/lenovo-yoga-9i"
"lenovo yoga slim 7 pro",7,"Blog","high","thinkpro.vn/lenovo-yoga-slim-7-pro"
"lenovo yoga slim 7 pro x",10,"Phụ Kiện","high","thinkpro.vn/lenovo-yoga-slim-7-pro-x"
"lenovo yoga slim 7i",7,"Phụ Kiện","high","thinkpro.vn/lenovo-yoga-slim-7i"
"lenovo yoga slim 7x",3,"Phụ Kiện","high","thinkpro.vn/lenovo-yoga-slim-7x"
"leobog hi75c",9,"Blog","high","thinkpro.vn/leobog-hi75c"
"lofree flow lite",3,"Laptop","high","thinkpro.vn/lofree-flow-lite"
"làm sao để hình nền máy tính không bị mờ",2,"Blog","high","thinkpro.vn/làm-sao-để-hình-nền-máy-tính-không-bị-mờ"
"lưu video từ youtube",8,"Blog","high","thinkpro.vn/lưu-video-từ-youtube"
"lưu video youtube về máy",6,"Blog","high","thinkpro.vn/lưu-video-youtube-về-máy"
"lấy video facebook",3,"Blog","high","thinkpro.vn/lấy-video-facebook"
"lỗi màn hình xanh win 11",3,"Phụ Kiện","high","thinkpro.vn/lỗi-màn-hình-xanh-win-11"
"manson iris v2",5,"Blog","high","thinkpro.vn/manson-iris-v2"
"meta quest 3",8,"Phụ Kiện","high","thinkpro.vn/meta-quest-3"
"máy tính bị đơ và kêu rè rè",2,"Blog","high","thinkpro.vn/máy-tính-bị-đơ-và-kêu-rè-rè"
"máy tính không tìm thấy wifi nhà mình",2,"Phụ Kiện","high","thinkpro.vn/máy-tính-không-tìm-thấy-wifi-nhà-mình"
"máy tính lenovo thinkpad",5,"Blog","high","thinkpro.vn/máy-tính-lenovo-thinkpad"
"máy tính sập nguồn bật không lên",2,"PC","high","thinkpro.vn/máy-tính-sập-nguồn-bật-không-lên"
"máy tính thinkpad",6,"Phụ Kiện","high","thinkpro.vn/máy-tính-thinkpad"
"nintendo switch oled",9,"Blog","high","thinkpro.vn/nintendo-switch-oled"
"nuphy air75 v3",3,"Laptop","high","thinkpro.vn/nuphy-air75-v3"
"nuphy kick75",3,"PC","high","thinkpro.vn/nuphy-kick75"
"nén video trên máy tính",5,"Blog","high","thinkpro.vn/nén-video-trên-máy-tính"
"p1 gen 3",5,"PC","high","thinkpro.vn/p1-gen-3"
"p1 gen 4",4,"Laptop","high","thinkpro.vn/p1-gen-4"
"p16 gen 2",7,"Phụ Kiện","high","thinkpro.vn/p16-gen-2"
"p16s gen 2",3,"Phụ Kiện","high","thinkpro.vn/p16s-gen-2"
"phá pass win 11",3,"Phụ Kiện","high","thinkpro.vn/phá-pass-win-11"
"phần mềm giả lập",4,"Phụ Kiện","high","thinkpro.vn/phần-mềm-giả-lập"
"phần mềm giả lập android nhẹ nhất",3,"Phụ Kiện","high","thinkpro.vn/phần-mềm-giả-lập-android-nhẹ-nhất"
"phần mềm hát karaoke trên máy tính",4,"Blog","high","thinkpro.vn/phần-mềm-hát-karaoke-trên-máy-tính"
"phần mềm kiểm tra pin laptop",6,"Phụ Kiện","high","thinkpro.vn/phần-mềm-kiểm-tra-pin-laptop"
"phần mềm tải video youtube",6,"Blog","high","thinkpro.vn/phần-mềm-tải-video-youtube"
"precision 5550",9,"Phụ Kiện","high","thinkpro.vn/precision-5550"
"precision 5560",10,"Blog","high","thinkpro.vn/precision-5560"
"quên mật khẩu máy tính laptop",2,"Laptop","high","thinkpro.vn/quên-mật-khẩu-máy-tính-laptop"
"quên mật khẩu máy tính win 11 không cần usb",3,"Phụ Kiện","high","thinkpro.vn/quên-mật-khẩu-máy-tính-win-11-không-cần-usb"
"quên mật khẩu win 11",2,"PC","high","thinkpro.vn/quên-mật-khẩu-win-11"
"r5 7235hs",4,"Blog","high","thinkpro.vn/r5-7235hs"
"razer blade 15",7,"Blog","high","thinkpro.vn/razer-blade-15"
"reset laptop dell",4,"Phụ Kiện","high","thinkpro.vn/reset-laptop-dell"
"reset máy tính dell",2,"Phụ Kiện","high","thinkpro.vn/reset-máy-tính-dell"
"reset password windows 11 khi quên mật khẩu",2,"Phụ Kiện","high","thinkpro.vn/reset-password-windows-11-khi-quên-mật-khẩu"
"riccks rs8",8,"PC","high","thinkpro.vn/riccks-rs8"
"sclouddownloader",4,"Phụ Kiện","high","thinkpro.vn/sclouddownloader"
"starcraft",5,"Phụ Kiện","high","thinkpro.vn/starcraft"
"sử dụng laptop làm màn hình thứ 2 qua hdmi",2,"PC","high","thinkpro.vn/sử-dụng-laptop-làm-màn-hình-thứ-2-qua-hdmi"
"t14 gen 2",6,"Phụ Kiện","high","thinkpro.vn/t14-gen-2"
"t14s gen 2",6,"PC","high","thinkpro.vn/t14s-gen-2"
"t14s gen 4",5,"Phụ Kiện","high","thinkpro.vn/t14s-gen-4"
"t14s gen 6",7,"Blog","high","thinkpro.vn/t14s-gen-6"
"tai youtube ve cho may tinh",3,"PC","high","thinkpro.vn/tai-youtube-ve-cho-may-tinh"
"test hiệu năng laptop",2,"PC","high","thinkpro.vn/test-hiệu-năng-laptop"
"test laptop",5,"Phụ Kiện","high","thinkpro.vn/test-laptop"
"test pin laptop",6,"Blog","high","thinkpro.vn/test-pin-laptop"
"thingpro",2,"Phụ Kiện","high","thinkpro.vn/thingpro"
"think pro",2,"Laptop","high","thinkpro.vn/think-pro"
"thinkbook 14 g5+",5,"Phụ Kiện","high","thinkpro.vn/thinkbook-14-g5+"
"thinkbook 14 g6",4,"Blog","high","thinkpro.vn/thinkbook-14-g6"
"thinkbook 14 g6+",4,"Laptop","high","thinkpro.vn/thinkbook-14-g6+"
"thinkbook 14 g7",7,"Phụ Kiện","high","thinkpro.vn/thinkbook-14-g7"
"thinkbook 14 g7+ 2025",8,"PC","high","thinkpro.vn/thinkbook-14-g7+-2025"
"thinkbook x",5,"Phụ Kiện","high","thinkpro.vn/thinkbook-x"
"thinkbook x ai",5,"PC","high","thinkpro.vn/thinkbook-x-ai"
"thinkbook x ai 2024",5,"Phụ Kiện","high","thinkpro.vn/thinkbook-x-ai-2024"
"thinkpad 2025",4,"Blog","high","thinkpro.vn/thinkpad-2025"
"thinkpad gen 10",2,"Phụ Kiện","high","thinkpro.vn/thinkpad-gen-10"
"thinkpad p",9,"Laptop","high","thinkpro.vn/thinkpad-p"
"thinkpad p1 gen 5",3,"Laptop","high","thinkpro.vn/thinkpad-p1-gen-5"
"thinkpad p1 gen 7",4,"Laptop","high","thinkpro.vn/thinkpad-p1-gen-7"
"thinkpad p1 gen3",4,"PC","high","thinkpro.vn/thinkpad-p1-gen3"
"thinkpad p14s",12,"Blog","high","thinkpro.vn/thinkpad-p14s"
"thinkpad p14s gen 3",8,"Phụ Kiện","high","thinkpro.vn/thinkpad-p14s-gen-3"
"thinkpad p14s gen 5",11,"Blog","high","thinkpro.vn/thinkpad-p14s-gen-5"
"thinkpad p16",7,"Laptop","high","thinkpro.vn/thinkpad-p16"
"thinkpad p16 gen 3",8,"Phụ Kiện","high","thinkpro.vn/thinkpad-p16-gen-3"
"thinkpad p16s",10,"PC","high","thinkpro.vn/thinkpad-p16s"
"thinkpad p16s gen 1",10,"Phụ Kiện","high","thinkpro.vn/thinkpad-p16s-gen-1"
"thinkpad p51",3,"Phụ Kiện","high","thinkpro.vn/thinkpad-p51"
"thinkpad t14",9,"Laptop","high","thinkpro.vn/thinkpad-t14"
"thinkpad t14 gen 1",7,"Laptop","high","thinkpro.vn/thinkpad-t14-gen-1"
"thinkpad t14 gen 3",4,"Laptop","high","thinkpro.vn/thinkpad-t14-gen-3"
"thinkpad t14 gen 6",8,"Phụ Kiện","high","thinkpro.vn/thinkpad-t14-gen-6"
"thinkpad t14s gen 2",5,"Laptop","high","thinkpro.vn/thinkpad-t14s-gen-2"
"thinkpad t14s gen 6",4,"Laptop","high","thinkpro.vn/thinkpad-t14s-gen-6"
"thinkpad t460s",4,"Phụ Kiện","high","thinkpro.vn/thinkpad-t460s"
"thinkpad x1",7,"Laptop","high","thinkpro.vn/thinkpad-x1"
"thinkpad x1 carbon gen 12",4,"Laptop","high","thinkpro.vn/thinkpad-x1-carbon-gen-12"
"thinkpad x1 carbon gen 13",6,"Laptop","high","thinkpro.vn/thinkpad-x1-carbon-gen-13"
"thinkpad x1 carbon gen 5",8,"Phụ Kiện","high","thinkpro.vn/thinkpad-x1-carbon-gen-5"
"thinkpad x1 carbon gen 7",6,"Laptop","high","thinkpro.vn/thinkpad-x1-carbon-gen-7"
"thinkpad x1 carbon gen 8",5,"Laptop","high","thinkpro.vn/thinkpad-x1-carbon-gen-8"
"thinkpad x1 carbon gen 9",3,"Laptop","high","thinkpro.vn/thinkpad-x1-carbon-gen-9"
"thinkpad x1 carbon gen10",8,"Phụ Kiện","high","thinkpro.vn/thinkpad-x1-carbon-gen10"
"thinkpad x1 carbon gen9",4,"Phụ Kiện","high","thinkpro.vn/thinkpad-x1-carbon-gen9"
"thinkpad x1 extreme gen 2",11,"Laptop","high","thinkpro.vn/thinkpad-x1-extreme-gen-2"
"thinkpad x1 extreme gen 4",6,"Laptop","high","thinkpro.vn/thinkpad-x1-extreme-gen-4"
"thinkpad x1 gen 7",7,"Blog","high","thinkpro.vn/thinkpad-x1-gen-7"
"thinkpad x1 gen 9",3,"Laptop","high","thinkpro.vn/thinkpad-x1-gen-9"
"thinkpad x1 gen9",2,"Blog","high","thinkpro.vn/thinkpad-x1-gen9"
"thinkpad x1 yoga gen 7",7,"Laptop","high","thinkpro.vn/thinkpad-x1-yoga-gen-7"
"thinkpad x13",14,"Laptop","high","thinkpro.vn/thinkpad-x13"
"thinkpad x390",15,"Laptop","high","thinkpro.vn/thinkpad-x390"
"thinkpad x395",2,"Laptop","high","thinkpro.vn/thinkpad-x395"
"thinkpad z13",3,"Laptop","high","thinkpro.vn/thinkpad-z13"
"thinkpro",2,"Laptop","high","thinkpro.vn/thinkpro"
"thinkpro bình thạnh",2,"Phụ Kiện","high","thinkpro.vn/thinkpro-bình-thạnh"
"thinkpro store",1,"PC","high","thinkpro.vn/thinkpro-store"
"thinkpro.vn",1,"Laptop","high","thinkpro.vn/thinkpro.vn"
"thinkview",4,"Laptop","high","thinkpro.vn/thinkview"
"thêm ứng dụng vào màn hình chính laptop dell",3,"Phụ Kiện","high","thinkpro.vn/thêm-ứng-dụng-vào-màn-hình-chính-laptop-dell"
"top 10 laptop đáng mua nhất hiện nay",4,"Blog","high","thinkpro.vn/top-10-laptop-đáng-mua-nhất-hiện-nay"
"tại sao hình nền máy tính bị mờ",2,"Phụ Kiện","high","thinkpro.vn/tại-sao-hình-nền-máy-tính-bị-mờ"
"tại sao không tắt được chế độ máy bay trên laptop dell",2,"PC","high","thinkpro.vn/tại-sao-không-tắt-được-chế-độ-máy-bay-trên-laptop-dell"
"tại sao mic laptop không nói được win 11",4,"Phụ Kiện","high","thinkpro.vn/tại-sao-mic-laptop-không-nói-được-win-11"
"tạo zalo trên máy tính",5,"Phụ Kiện","high","thinkpro.vn/tạo-zalo-trên-máy-tính"
"tải clip từ youtube",7,"Phụ Kiện","high","thinkpro.vn/tải-clip-từ-youtube"
"tải duolingo",6,"Phụ Kiện","high","thinkpro.vn/tải-duolingo"
"tải file pdf",6,"Phụ Kiện","high","thinkpro.vn/tải-file-pdf"
"tải file pdf về máy tính",2,"Blog","high","thinkpro.vn/tải-file-pdf-về-máy-tính"
"tải nhạc soundcloud",6,"Laptop","high","thinkpro.vn/tải-nhạc-soundcloud"
"tải nhạc soundcloud miễn phí",5,"Blog","high","thinkpro.vn/tải-nhạc-soundcloud-miễn-phí"
"tải nhạc soundcloud về",5,"Phụ Kiện","high","thinkpro.vn/tải-nhạc-soundcloud-về"
"tải nhạc soundcloud về thẻ nhớ",3,"Blog","high","thinkpro.vn/tải-nhạc-soundcloud-về-thẻ-nhớ"
"tải pdf về máy tính",6,"Phụ Kiện","high","thinkpro.vn/tải-pdf-về-máy-tính"
"tải ultraviewer về máy tính",5,"Phụ Kiện","high","thinkpro.vn/tải-ultraviewer-về-máy-tính"
"tải video facebook",8,"Laptop","high","thinkpro.vn/tải-video-facebook"
"tải video trên facebook",9,"Blog","high","thinkpro.vn/tải-video-trên-facebook"
"tải video trên facebook về máy tính",5,"PC","high","thinkpro.vn/tải-video-trên-facebook-về-máy-tính"
"tải video trên youtube về laptop",4,"Blog","high","thinkpro.vn/tải-video-trên-youtube-về-laptop"
"tải video trên youtube về máy",6,"Phụ Kiện","high","thinkpro.vn/tải-video-trên-youtube-về-máy"
"tải video từ facebook về máy tính",5,"Laptop","high","thinkpro.vn/tải-video-từ-facebook-về-máy-tính"
"tải video từ youtube về máy tính",6,"Laptop","high","thinkpro.vn/tải-video-từ-youtube-về-máy-tính"
"tải video về máy tính",7,"Phụ Kiện","high","thinkpro.vn/tải-video-về-máy-tính"
"tải video youtube online",8,"Blog","high","thinkpro.vn/tải-video-youtube-online"
"tải youtube cho laptop",2,"Laptop","high","thinkpro.vn/tải-youtube-cho-laptop"
"tải youtube cho máy tính",2,"PC","high","thinkpro.vn/tải-youtube-cho-máy-tính"
"tải youtube cho máy tính win 10",3,"Blog","high","thinkpro.vn/tải-youtube-cho-máy-tính-win-10"
"tải youtube cho pc",2,"Laptop","high","thinkpro.vn/tải-youtube-cho-pc"
"tải youtube máy tính",3,"Blog","high","thinkpro.vn/tải-youtube-máy-tính"
"tải youtube pc",3,"Laptop","high","thinkpro.vn/tải-youtube-pc"
"tải youtube về máy tính",2,"Laptop","high","thinkpro.vn/tải-youtube-về-máy-tính"
"tải ảnh fb bằng link",7,"PC","high","thinkpro.vn/tải-ảnh-fb-bằng-link"
"tải ứng dụng trên máy tính",2,"Laptop","high","thinkpro.vn/tải-ứng-dụng-trên-máy-tính"
"tắt chế độ máy bay trên laptop dell",2,"Phụ Kiện","high","thinkpro.vn/tắt-chế-độ-máy-bay-trên-laptop-dell"
"tắt chế độ ngủ trên pc win 11",2,"PC","high","thinkpro.vn/tắt-chế-độ-ngủ-trên-pc-win-11"
"tắt chế độ sleep win 11",2,"Phụ Kiện","high","thinkpro.vn/tắt-chế-độ-sleep-win-11"
"tắt hibernate win 11",2,"Phụ Kiện","high","thinkpro.vn/tắt-hibernate-win-11"
"tắt mcafee trên win 11",2,"Phụ Kiện","high","thinkpro.vn/tắt-mcafee-trên-win-11"
"tắt màn hình laptop",5,"Blog","high","thinkpro.vn/tắt-màn-hình-laptop"
"tắt màn hình pc mà máy vẫn chạy win 11",3,"Phụ Kiện","high","thinkpro.vn/tắt-màn-hình-pc-mà-máy-vẫn-chạy-win-11"
"tắt sleep máy tính win 11",2,"Phụ Kiện","high","thinkpro.vn/tắt-sleep-máy-tính-win-11"
"tắt zalo khi khởi động máy tính",2,"Phụ Kiện","high","thinkpro.vn/tắt-zalo-khi-khởi-động-máy-tính"
"ultraviewer",6,"Laptop","high","thinkpro.vn/ultraviewer"
"viết pinyin trên máy tính",2,"Phụ Kiện","high","thinkpro.vn/viết-pinyin-trên-máy-tính"
"wave75",8,"Blog","high","thinkpro.vn/wave75"
"x1 carbon gen 10",4,"Laptop","high","thinkpro.vn/x1-carbon-gen-10"
"x1 extreme gen 4",13,"Phụ Kiện","high","thinkpro.vn/x1-extreme-gen-4"
"x1 yoga gen 7",7,"Phụ Kiện","high","thinkpro.vn/x1-yoga-gen-7"
"xem lịch sử sử dụng máy tính win 11",2,"Phụ Kiện","high","thinkpro.vn/xem-lịch-sử-sử-dụng-máy-tính-win-11"
"xiao xin",4,"Phụ Kiện","high","thinkpro.vn/xiao-xin"
"xiaoxin 14c 2025",4,"PC","high","thinkpro.vn/xiaoxin-14c-2025"
"xiaoxin 16",4,"Blog","high","thinkpro.vn/xiaoxin-16"
"xiaoxin laptop",2,"Phụ Kiện","high","thinkpro.vn/xiaoxin-laptop"
"xiaoxin pro 16c",6,"Blog","high","thinkpro.vn/xiaoxin-pro-16c"
"xiaoxin pro 16c 2025",6,"Phụ Kiện","high","thinkpro.vn/xiaoxin-pro-16c-2025"
"xps 9320",7,"PC","high","thinkpro.vn/xps-9320"
"xps 9340",4,"Phụ Kiện","high","thinkpro.vn/xps-9340"
"xps 9520",4,"Phụ Kiện","high","thinkpro.vn/xps-9520"
"xps 9530",5,"Phụ Kiện","high","thinkpro.vn/xps-9530"
"xreal one pro",5,"PC","high","thinkpro.vn/xreal-one-pro"
"xóa file rác trên win 11",2,"Phụ Kiện","high","thinkpro.vn/xóa-file-rác-trên-win-11"
"xóa rác win 11",2,"PC","high","thinkpro.vn/xóa-rác-win-11"
"xóa tài khoản microsoft trên win 11",2,"Laptop","high","thinkpro.vn/xóa-tài-khoản-microsoft-trên-win-11"
"yellow switch",5,"Phụ Kiện","high","thinkpro.vn/yellow-switch"
"yoga book 9i",4,"Phụ Kiện","high","thinkpro.vn/yoga-book-9i"
"yoga slim 7 pro x",6,"Phụ Kiện","high","thinkpro.vn/yoga-slim-7-pro-x"
"youtube tải về máy tính",3,"Phụ Kiện","high","thinkpro.vn/youtube-tải-về-máy-tính"
"đăng nhập win 11 không cần tài khoản microsoft",2,"Phụ Kiện","high","thinkpro.vn/đăng-nhập-win-11-không-cần-tài-khoản-microsoft"
"đưa app ra màn hình máy tính",2,"Phụ Kiện","high","thinkpro.vn/đưa-app-ra-màn-hình-máy-tính"